,Unnamed: 0,ogrdisc,grps,grpe,ogrdiscount,Grp
0,0,Кр-17,400-200,4.0-3.3,1.0,400-200
1,0,Кр-17,400-200,4.0-3.3,1.0,200-120
2,0,Кр-17,400-200,4.0-3.3,1.0,120-90
3,0,Кр-17,400-200,4.0-3.3,1.0,90-60
4,0,Кр-17,400-200,4.0-3.3,1.0,60-40
5,0,Кр-17,400-200,4.0-3.3,1.0,40-30
6,0,Кр-17,400-200,4.0-3.3,1.0,30-25
7,0,Кр-17,400-200,4.0-3.3,1.0,25-20
8,0,Кр-17,400-200,4.0-3.3,1.0,20-15
9,0,Кр-17,400-200,4.0-3.3,1.0,15-10
10,0,Кр-17,400-200,4.0-3.3,1.0,10-7
11,0,Кр-17,400-200,4.0-3.3,1.0,7-6
12,0,Кр-17,400-200,4.0-3.3,1.0,6-5
13,0,Кр-17,400-200,4.0-3.3,1.0,5-4
14,0,Кр-17,400-200,4.0-3.3,1.0,4-3.4
15,1,Кр-57,400-200,6.00-6.24,1.0,400-200
16,1,Кр-57,400-200,6.00-6.24,1.0,200-120
17,1,Кр-57,400-200,6.00-6.24,1.0,120-90
18,1,Кр-57,400-200,6.00-6.24,1.0,90-60
19,1,Кр-57,400-200,6.00-6.24,1.0,60-40
20,1,Кр-57,400-200,6.00-6.24,1.0,40-30
21,1,Кр-57,400-200,6.00-6.24,1.0,30-25
22,1,Кр-57,400-200,6.00-6.24,1.0,25-20
23,1,Кр-57,400-200,6.00-6.24,1.0,20-15
24,1,Кр-57,400-200,6.00-6.24,1.0,15-10
25,1,Кр-57,400-200,6.00-6.24,1.0,10-7
26,1,Кр-57,400-200,6.00-6.24,1.0,7-6
27,1,Кр-57,400-200,6.00-6.24,1.0,6-5
28,1,Кр-57,400-200,6.00-6.24,1.0,5-4
29,1,Кр-57,400-200,6.00-6.24,1.0,4-3.4
30,1,Кр-57,400-200,6.00-6.24,1.0,0.30-0.39
31,1,Кр-57,400-200,6.00-6.24,1.0,0.40-0.49
32,1,Кр-57,400-200,6.00-6.24,1.0,0.50-0.59
33,1,Кр-57,400-200,6.00-6.24,1.0,0.60-0.69
34,1,Кр-57,400-200,6.00-6.24,1.0,0.70-0.79
35,1,Кр-57,400-200,6.00-6.24,1.0,0.80-0.89
36,1,Кр-57,400-200,6.00-6.24,1.0,0.90-0.99
37,1,Кр-57,400-200,6.00-6.24,1.0,1.00-1.24
38,1,Кр-57,400-200,6.00-6.24,1.0,1.25-1.49
39,1,Кр-57,400-200,6.00-6.24,1.0,1.50-1.74
40,1,Кр-57,400-200,6.00-6.24,1.0,1.75-1.99
41,1,Кр-57,400-200,6.00-6.24,1.0,2.00-2.24
42,1,Кр-57,400-200,6.00-6.24,1.0,2.25-2.49
43,1,Кр-57,400-200,6.00-6.24,1.0,2.50-2.74
44,1,Кр-57,400-200,6.00-6.24,1.0,2.75-2.99
45,1,Кр-57,400-200,6.00-6.24,1.0,3.00-3.24
46,1,Кр-57,400-200,6.00-6.24,1.0,3.25-3.49
47,1,Кр-57,400-200,6.00-6.24,1.0,3.50-3.74
48,1,Кр-57,400-200,6.00-6.24,1.0,3.75-3.99
49,1,Кр-57,400-200,6.00-6.24,1.0,4.00-4.24
50,1,Кр-57,400-200,6.00-6.24,1.0,4.25-4.49
51,1,Кр-57,400-200,6.00-6.24,1.0,4.50-4.74
52,1,Кр-57,400-200,6.00-6.24,1.0,4.75-4.99
53,1,Кр-57,400-200,6.00-6.24,1.0,5.00-5.24
54,1,Кр-57,400-200,6.00-6.24,1.0,5.25-5.49
55,1,Кр-57,400-200,6.00-6.24,1.0,5.50-5.74
56,1,Кр-57,400-200,6.00-6.24,1.0,5.75-5.99
57,1,Кр-57,400-200,6.00-6.24,1.0,6.00-6.24
58,2,Бп-25,400-200,4.0-3.3,0.55,400-200
59,2,Бп-25,400-200,4.0-3.3,0.55,200-120
60,2,Бп-25,400-200,4.0-3.3,0.55,120-90
61,2,Бп-25,400-200,4.0-3.3,0.55,90-60
62,2,Бп-25,400-200,4.0-3.3,0.55,60-40
63,2,Бп-25,400-200,4.0-3.3,0.55,40-30
64,2,Бп-25,400-200,4.0-3.3,0.55,30-25
65,2,Бп-25,400-200,4.0-3.3,0.55,25-20
66,2,Бп-25,400-200,4.0-3.3,0.55,20-15
67,2,Бп-25,400-200,4.0-3.3,0.55,15-10
68,2,Бп-25,400-200,4.0-3.3,0.55,10-7
69,2,Бп-25,400-200,4.0-3.3,0.55,7-6
70,2,Бп-25,400-200,4.0-3.3,0.55,6-5
71,2,Бп-25,400-200,4.0-3.3,0.55,5-4
72,2,Бп-25,400-200,4.0-3.3,0.55,4-3.4
73,3,Бп-25,0.30-0.39,0.90-0.99,0.55,0.30-0.39
74,3,Бп-25,0.30-0.39,0.90-0.99,0.55,0.40-0.49
75,3,Бп-25,0.30-0.39,0.90-0.99,0.55,0.50-0.59
76,3,Бп-25,0.30-0.39,0.90-0.99,0.55,0.60-0.69
77,3,Бп-25,0.30-0.39,0.90-0.99,0.55,0.70-0.79
78,3,Бп-25,0.30-0.39,0.90-0.99,0.55,0.80-0.89
79,3,Бп-25,0.30-0.39,0.90-0.99,0.55,0.90-0.99
80,4,Бп-25,1.00-1.24,5.75-5.99,0.5,1.00-1.24
81,4,Бп-25,1.00-1.24,5.75-5.99,0.5,1.25-1.49
82,4,Бп-25,1.00-1.24,5.75-5.99,0.5,1.50-1.74
83,4,Бп-25,1.00-1.24,5.75-5.99,0.5,1.75-1.99
84,4,Бп-25,1.00-1.24,5.75-5.99,0.5,2.00-2.24
85,4,Бп-25,1.00-1.24,5.75-5.99,0.5,2.25-2.49
86,4,Бп-25,1.00-1.24,5.75-5.99,0.5,2.50-2.74
87,4,Бп-25,1.00-1.24,5.75-5.99,0.5,2.75-2.99
88,4,Бп-25,1.00-1.24,5.75-5.99,0.5,3.00-3.24
89,4,Бп-25,1.00-1.24,5.75-5.99,0.5,3.25-3.49
90,4,Бп-25,1.00-1.24,5.75-5.99,0.5,3.50-3.74
91,4,Бп-25,1.00-1.24,5.75-5.99,0.5,3.75-3.99
92,4,Бп-25,1.00-1.24,5.75-5.99,0.5,4.00-4.24
93,4,Бп-25,1.00-1.24,5.75-5.99,0.5,4.25-4.49
94,4,Бп-25,1.00-1.24,5.75-5.99,0.5,4.50-4.74
95,4,Бп-25,1.00-1.24,5.75-5.99,0.5,4.75-4.99
96,4,Бп-25,1.00-1.24,5.75-5.99,0.5,5.00-5.24
97,4,Бп-25,1.00-1.24,5.75-5.99,0.5,5.25-5.49
98,4,Бп-25,1.00-1.24,5.75-5.99,0.5,5.50-5.74
99,4,Бп-25,1.00-1.24,5.75-5.99,0.5,5.75-5.99
100,5,И-57,400-200,4.0-3.3,0.55,400-200
101,5,И-57,400-200,4.0-3.3,0.55,200-120
102,5,И-57,400-200,4.0-3.3,0.55,120-90
103,5,И-57,400-200,4.0-3.3,0.55,90-60
104,5,И-57,400-200,4.0-3.3,0.55,60-40
105,5,И-57,400-200,4.0-3.3,0.55,40-30
106,5,И-57,400-200,4.0-3.3,0.55,30-25
107,5,И-57,400-200,4.0-3.3,0.55,25-20
108,5,И-57,400-200,4.0-3.3,0.55,20-15
109,5,И-57,400-200,4.0-3.3,0.55,15-10
110,5,И-57,400-200,4.0-3.3,0.55,10-7
111,5,И-57,400-200,4.0-3.3,0.55,7-6
112,5,И-57,400-200,4.0-3.3,0.55,6-5
113,5,И-57,400-200,4.0-3.3,0.55,5-4
114,5,И-57,400-200,4.0-3.3,0.55,4-3.4
115,6,И-57,0.30-0.39,0.90-0.99,0.55,0.30-0.39
116,6,И-57,0.30-0.39,0.90-0.99,0.55,0.40-0.49
117,6,И-57,0.30-0.39,0.90-0.99,0.55,0.50-0.59
118,6,И-57,0.30-0.39,0.90-0.99,0.55,0.60-0.69
119,6,И-57,0.30-0.39,0.90-0.99,0.55,0.70-0.79
120,6,И-57,0.30-0.39,0.90-0.99,0.55,0.80-0.89
121,6,И-57,0.30-0.39,0.90-0.99,0.55,0.90-0.99
122,7,И-57,1.00-1.24,5.75-5.99,0.6,1.00-1.24
123,7,И-57,1.00-1.24,5.75-5.99,0.6,1.25-1.49
124,7,И-57,1.00-1.24,5.75-5.99,0.6,1.50-1.74
125,7,И-57,1.00-1.24,5.75-5.99,0.6,1.75-1.99
126,7,И-57,1.00-1.24,5.75-5.99,0.6,2.00-2.24
127,7,И-57,1.00-1.24,5.75-5.99,0.6,2.25-2.49
128,7,И-57,1.00-1.24,5.75-5.99,0.6,2.50-2.74
129,7,И-57,1.00-1.24,5.75-5.99,0.6,2.75-2.99
130,7,И-57,1.00-1.24,5.75-5.99,0.6,3.00-3.24
131,7,И-57,1.00-1.24,5.75-5.99,0.6,3.25-3.49
132,7,И-57,1.00-1.24,5.75-5.99,0.6,3.50-3.74
133,7,И-57,1.00-1.24,5.75-5.99,0.6,3.75-3.99
134,7,И-57,1.00-1.24,5.75-5.99,0.6,4.00-4.24
135,7,И-57,1.00-1.24,5.75-5.99,0.6,4.25-4.49
136,7,И-57,1.00-1.24,5.75-5.99,0.6,4.50-4.74
137,7,И-57,1.00-1.24,5.75-5.99,0.6,4.75-4.99
138,7,И-57,1.00-1.24,5.75-5.99,0.6,5.00-5.24
139,7,И-57,1.00-1.24,5.75-5.99,0.6,5.25-5.49
140,7,И-57,1.00-1.24,5.75-5.99,0.6,5.50-5.74
141,7,И-57,1.00-1.24,5.75-5.99,0.6,5.75-5.99
142,8,Овал,400-200,4.0-3.3,0.7,400-200
143,8,Овал,400-200,4.0-3.3,0.7,200-120
144,8,Овал,400-200,4.0-3.3,0.7,120-90
145,8,Овал,400-200,4.0-3.3,0.7,90-60
146,8,Овал,400-200,4.0-3.3,0.7,60-40
147,8,Овал,400-200,4.0-3.3,0.7,40-30
148,8,Овал,400-200,4.0-3.3,0.7,30-25
149,8,Овал,400-200,4.0-3.3,0.7,25-20
150,8,Овал,400-200,4.0-3.3,0.7,20-15
151,8,Овал,400-200,4.0-3.3,0.7,15-10
152,8,Овал,400-200,4.0-3.3,0.7,10-7
153,8,Овал,400-200,4.0-3.3,0.7,7-6
154,8,Овал,400-200,4.0-3.3,0.7,6-5
155,8,Овал,400-200,4.0-3.3,0.7,5-4
156,8,Овал,400-200,4.0-3.3,0.7,4-3.4
157,9,Овал,0.30-0.39,0.90-0.99,0.7,0.30-0.39
158,9,Овал,0.30-0.39,0.90-0.99,0.7,0.40-0.49
159,9,Овал,0.30-0.39,0.90-0.99,0.7,0.50-0.59
160,9,Овал,0.30-0.39,0.90-0.99,0.7,0.60-0.69
161,9,Овал,0.30-0.39,0.90-0.99,0.7,0.70-0.79
162,9,Овал,0.30-0.39,0.90-0.99,0.7,0.80-0.89
163,9,Овал,0.30-0.39,0.90-0.99,0.7,0.90-0.99
164,10,Овал,1.00-1.24,5.75-5.99,0.65,1.00-1.24
165,10,Овал,1.00-1.24,5.75-5.99,0.65,1.25-1.49
166,10,Овал,1.00-1.24,5.75-5.99,0.65,1.50-1.74
167,10,Овал,1.00-1.24,5.75-5.99,0.65,1.75-1.99
168,10,Овал,1.00-1.24,5.75-5.99,0.65,2.00-2.24
169,10,Овал,1.00-1.24,5.75-5.99,0.65,2.25-2.49
170,10,Овал,1.00-1.24,5.75-5.99,0.65,2.50-2.74
171,10,Овал,1.00-1.24,5.75-5.99,0.65,2.75-2.99
172,10,Овал,1.00-1.24,5.75-5.99,0.65,3.00-3.24
173,10,Овал,1.00-1.24,5.75-5.99,0.65,3.25-3.49
174,10,Овал,1.00-1.24,5.75-5.99,0.65,3.50-3.74
175,10,Овал,1.00-1.24,5.75-5.99,0.65,3.75-3.99
176,10,Овал,1.00-1.24,5.75-5.99,0.65,4.00-4.24
177,10,Овал,1.00-1.24,5.75-5.99,0.65,4.25-4.49
178,10,Овал,1.00-1.24,5.75-5.99,0.65,4.50-4.74
179,10,Овал,1.00-1.24,5.75-5.99,0.65,4.75-4.99
180,10,Овал,1.00-1.24,5.75-5.99,0.65,5.00-5.24
181,10,Овал,1.00-1.24,5.75-5.99,0.65,5.25-5.49
182,10,Овал,1.00-1.24,5.75-5.99,0.65,5.50-5.74
183,10,Овал,1.00-1.24,5.75-5.99,0.65,5.75-5.99
184,11,Г-56,400-200,4.0-3.3,0.7,400-200
185,11,Г-56,400-200,4.0-3.3,0.7,200-120
186,11,Г-56,400-200,4.0-3.3,0.7,120-90
187,11,Г-56,400-200,4.0-3.3,0.7,90-60
188,11,Г-56,400-200,4.0-3.3,0.7,60-40
189,11,Г-56,400-200,4.0-3.3,0.7,40-30
190,11,Г-56,400-200,4.0-3.3,0.7,30-25
191,11,Г-56,400-200,4.0-3.3,0.7,25-20
192,11,Г-56,400-200,4.0-3.3,0.7,20-15
193,11,Г-56,400-200,4.0-3.3,0.7,15-10
194,11,Г-56,400-200,4.0-3.3,0.7,10-7
195,11,Г-56,400-200,4.0-3.3,0.7,7-6
196,11,Г-56,400-200,4.0-3.3,0.7,6-5
197,11,Г-56,400-200,4.0-3.3,0.7,5-4
198,11,Г-56,400-200,4.0-3.3,0.7,4-3.4
199,12,Г-56,0.30-0.39,0.90-0.99,0.7,0.30-0.39
200,12,Г-56,0.30-0.39,0.90-0.99,0.7,0.40-0.49
201,12,Г-56,0.30-0.39,0.90-0.99,0.7,0.50-0.59
202,12,Г-56,0.30-0.39,0.90-0.99,0.7,0.60-0.69
203,12,Г-56,0.30-0.39,0.90-0.99,0.7,0.70-0.79
204,12,Г-56,0.30-0.39,0.90-0.99,0.7,0.80-0.89
205,12,Г-56,0.30-0.39,0.90-0.99,0.7,0.90-0.99
206,13,Г-56,1.00-1.24,5.75-5.99,0.65,1.00-1.24
207,13,Г-56,1.00-1.24,5.75-5.99,0.65,1.25-1.49
208,13,Г-56,1.00-1.24,5.75-5.99,0.65,1.50-1.74
209,13,Г-56,1.00-1.24,5.75-5.99,0.65,1.75-1.99
210,13,Г-56,1.00-1.24,5.75-5.99,0.65,2.00-2.24
211,13,Г-56,1.00-1.24,5.75-5.99,0.65,2.25-2.49
212,13,Г-56,1.00-1.24,5.75-5.99,0.65,2.50-2.74
213,13,Г-56,1.00-1.24,5.75-5.99,0.65,2.75-2.99
214,13,Г-56,1.00-1.24,5.75-5.99,0.65,3.00-3.24
215,13,Г-56,1.00-1.24,5.75-5.99,0.65,3.25-3.49
216,13,Г-56,1.00-1.24,5.75-5.99,0.65,3.50-3.74
217,13,Г-56,1.00-1.24,5.75-5.99,0.65,3.75-3.99
218,13,Г-56,1.00-1.24,5.75-5.99,0.65,4.00-4.24
219,13,Г-56,1.00-1.24,5.75-5.99,0.65,4.25-4.49
220,13,Г-56,1.00-1.24,5.75-5.99,0.65,4.50-4.74
221,13,Г-56,1.00-1.24,5.75-5.99,0.65,4.75-4.99
222,13,Г-56,1.00-1.24,5.75-5.99,0.65,5.00-5.24
223,13,Г-56,1.00-1.24,5.75-5.99,0.65,5.25-5.49
224,13,Г-56,1.00-1.24,5.75-5.99,0.65,5.50-5.74
225,13,Г-56,1.00-1.24,5.75-5.99,0.65,5.75-5.99
226,14,М-55,400-200,4.0-3.3,0.7,400-200
227,14,М-55,400-200,4.0-3.3,0.7,200-120
228,14,М-55,400-200,4.0-3.3,0.7,120-90
229,14,М-55,400-200,4.0-3.3,0.7,90-60
230,14,М-55,400-200,4.0-3.3,0.7,60-40
231,14,М-55,400-200,4.0-3.3,0.7,40-30
232,14,М-55,400-200,4.0-3.3,0.7,30-25
233,14,М-55,400-200,4.0-3.3,0.7,25-20
234,14,М-55,400-200,4.0-3.3,0.7,20-15
235,14,М-55,400-200,4.0-3.3,0.7,15-10
236,14,М-55,400-200,4.0-3.3,0.7,10-7
237,14,М-55,400-200,4.0-3.3,0.7,7-6
238,14,М-55,400-200,4.0-3.3,0.7,6-5
239,14,М-55,400-200,4.0-3.3,0.7,5-4
240,14,М-55,400-200,4.0-3.3,0.7,4-3.4
241,15,М-55,0.30-0.39,0.90-0.99,0.7,0.30-0.39
242,15,М-55,0.30-0.39,0.90-0.99,0.7,0.40-0.49
243,15,М-55,0.30-0.39,0.90-0.99,0.7,0.50-0.59
244,15,М-55,0.30-0.39,0.90-0.99,0.7,0.60-0.69
245,15,М-55,0.30-0.39,0.90-0.99,0.7,0.70-0.79
246,15,М-55,0.30-0.39,0.90-0.99,0.7,0.80-0.89
247,15,М-55,0.30-0.39,0.90-0.99,0.7,0.90-0.99
248,16,М-55,1.00-1.24,5.75-5.99,0.65,1.00-1.24
249,16,М-55,1.00-1.24,5.75-5.99,0.65,1.25-1.49
250,16,М-55,1.00-1.24,5.75-5.99,0.65,1.50-1.74
251,16,М-55,1.00-1.24,5.75-5.99,0.65,1.75-1.99
252,16,М-55,1.00-1.24,5.75-5.99,0.65,2.00-2.24
253,16,М-55,1.00-1.24,5.75-5.99,0.65,2.25-2.49
254,16,М-55,1.00-1.24,5.75-5.99,0.65,2.50-2.74
255,16,М-55,1.00-1.24,5.75-5.99,0.65,2.75-2.99
256,16,М-55,1.00-1.24,5.75-5.99,0.65,3.00-3.24
257,16,М-55,1.00-1.24,5.75-5.99,0.65,3.25-3.49
258,16,М-55,1.00-1.24,5.75-5.99,0.65,3.50-3.74
259,16,М-55,1.00-1.24,5.75-5.99,0.65,3.75-3.99
260,16,М-55,1.00-1.24,5.75-5.99,0.65,4.00-4.24
261,16,М-55,1.00-1.24,5.75-5.99,0.65,4.25-4.49
262,16,М-55,1.00-1.24,5.75-5.99,0.65,4.50-4.74
263,16,М-55,1.00-1.24,5.75-5.99,0.65,4.75-4.99
264,16,М-55,1.00-1.24,5.75-5.99,0.65,5.00-5.24
265,16,М-55,1.00-1.24,5.75-5.99,0.65,5.25-5.49
266,16,М-55,1.00-1.24,5.75-5.99,0.65,5.50-5.74
267,16,М-55,1.00-1.24,5.75-5.99,0.65,5.75-5.99
268,17,Принц,400-200,4.0-3.3,0.6,400-200
269,17,Принц,400-200,4.0-3.3,0.6,200-120
270,17,Принц,400-200,4.0-3.3,0.6,120-90
271,17,Принц,400-200,4.0-3.3,0.6,90-60
272,17,Принц,400-200,4.0-3.3,0.6,60-40
273,17,Принц,400-200,4.0-3.3,0.6,40-30
274,17,Принц,400-200,4.0-3.3,0.6,30-25
275,17,Принц,400-200,4.0-3.3,0.6,25-20
276,17,Принц,400-200,4.0-3.3,0.6,20-15
277,17,Принц,400-200,4.0-3.3,0.6,15-10
278,17,Принц,400-200,4.0-3.3,0.6,10-7
279,17,Принц,400-200,4.0-3.3,0.6,7-6
280,17,Принц,400-200,4.0-3.3,0.6,6-5
281,17,Принц,400-200,4.0-3.3,0.6,5-4
282,17,Принц,400-200,4.0-3.3,0.6,4-3.4
283,18,Принц,0.30-0.39,0.90-0.99,0.6,0.30-0.39
284,18,Принц,0.30-0.39,0.90-0.99,0.6,0.40-0.49
285,18,Принц,0.30-0.39,0.90-0.99,0.6,0.50-0.59
286,18,Принц,0.30-0.39,0.90-0.99,0.6,0.60-0.69
287,18,Принц,0.30-0.39,0.90-0.99,0.6,0.70-0.79
288,18,Принц,0.30-0.39,0.90-0.99,0.6,0.80-0.89
289,18,Принц,0.30-0.39,0.90-0.99,0.6,0.90-0.99
290,19,Принц,1.00-1.24,5.75-5.99,0.65,1.00-1.24
291,19,Принц,1.00-1.24,5.75-5.99,0.65,1.25-1.49
292,19,Принц,1.00-1.24,5.75-5.99,0.65,1.50-1.74
293,19,Принц,1.00-1.24,5.75-5.99,0.65,1.75-1.99
294,19,Принц,1.00-1.24,5.75-5.99,0.65,2.00-2.24
295,19,Принц,1.00-1.24,5.75-5.99,0.65,2.25-2.49
296,19,Принц,1.00-1.24,5.75-5.99,0.65,2.50-2.74
297,19,Принц,1.00-1.24,5.75-5.99,0.65,2.75-2.99
298,19,Принц,1.00-1.24,5.75-5.99,0.65,3.00-3.24
299,19,Принц,1.00-1.24,5.75-5.99,0.65,3.25-3.49
300,19,Принц,1.00-1.24,5.75-5.99,0.65,3.50-3.74
301,19,Принц,1.00-1.24,5.75-5.99,0.65,3.75-3.99
302,19,Принц,1.00-1.24,5.75-5.99,0.65,4.00-4.24
303,19,Принц,1.00-1.24,5.75-5.99,0.65,4.25-4.49
304,19,Принц,1.00-1.24,5.75-5.99,0.65,4.50-4.74
305,19,Принц,1.00-1.24,5.75-5.99,0.65,4.75-4.99
306,19,Принц,1.00-1.24,5.75-5.99,0.65,5.00-5.24
307,19,Принц,1.00-1.24,5.75-5.99,0.65,5.25-5.49
308,19,Принц,1.00-1.24,5.75-5.99,0.65,5.50-5.74
309,19,Принц,1.00-1.24,5.75-5.99,0.65,5.75-5.99
310,20,Радиант,400-200,4.0-3.3,0.55,400-200
311,20,Радиант,400-200,4.0-3.3,0.55,200-120
312,20,Радиант,400-200,4.0-3.3,0.55,120-90
313,20,Радиант,400-200,4.0-3.3,0.55,90-60
314,20,Радиант,400-200,4.0-3.3,0.55,60-40
315,20,Радиант,400-200,4.0-3.3,0.55,40-30
316,20,Радиант,400-200,4.0-3.3,0.55,30-25
317,20,Радиант,400-200,4.0-3.3,0.55,25-20
318,20,Радиант,400-200,4.0-3.3,0.55,20-15
319,20,Радиант,400-200,4.0-3.3,0.55,15-10
320,20,Радиант,400-200,4.0-3.3,0.55,10-7
321,20,Радиант,400-200,4.0-3.3,0.55,7-6
322,20,Радиант,400-200,4.0-3.3,0.55,6-5
323,20,Радиант,400-200,4.0-3.3,0.55,5-4
324,20,Радиант,400-200,4.0-3.3,0.55,4-3.4
325,21,Радиант,0.30-0.39,0.90-0.99,0.55,0.30-0.39
326,21,Радиант,0.30-0.39,0.90-0.99,0.55,0.40-0.49
327,21,Радиант,0.30-0.39,0.90-0.99,0.55,0.50-0.59
328,21,Радиант,0.30-0.39,0.90-0.99,0.55,0.60-0.69
329,21,Радиант,0.30-0.39,0.90-0.99,0.55,0.70-0.79
330,21,Радиант,0.30-0.39,0.90-0.99,0.55,0.80-0.89
331,21,Радиант,0.30-0.39,0.90-0.99,0.55,0.90-0.99
332,22,Сердце,400-200,4.0-3.3,0.6,400-200
333,22,Сердце,400-200,4.0-3.3,0.6,200-120
334,22,Сердце,400-200,4.0-3.3,0.6,120-90
335,22,Сердце,400-200,4.0-3.3,0.6,90-60
336,22,Сердце,400-200,4.0-3.3,0.6,60-40
337,22,Сердце,400-200,4.0-3.3,0.6,40-30
338,22,Сердце,400-200,4.0-3.3,0.6,30-25
339,22,Сердце,400-200,4.0-3.3,0.6,25-20
340,22,Сердце,400-200,4.0-3.3,0.6,20-15
341,22,Сердце,400-200,4.0-3.3,0.6,15-10
342,22,Сердце,400-200,4.0-3.3,0.6,10-7
343,22,Сердце,400-200,4.0-3.3,0.6,7-6
344,22,Сердце,400-200,4.0-3.3,0.6,6-5
345,22,Сердце,400-200,4.0-3.3,0.6,5-4
346,22,Сердце,400-200,4.0-3.3,0.6,4-3.4
347,23,Радиант,1.00-1.24,5.75-5.99,0.55,1.00-1.24
348,23,Радиант,1.00-1.24,5.75-5.99,0.55,1.25-1.49
349,23,Радиант,1.00-1.24,5.75-5.99,0.55,1.50-1.74
350,23,Радиант,1.00-1.24,5.75-5.99,0.55,1.75-1.99
351,23,Радиант,1.00-1.24,5.75-5.99,0.55,2.00-2.24
352,23,Радиант,1.00-1.24,5.75-5.99,0.55,2.25-2.49
353,23,Радиант,1.00-1.24,5.75-5.99,0.55,2.50-2.74
354,23,Радиант,1.00-1.24,5.75-5.99,0.55,2.75-2.99
355,23,Радиант,1.00-1.24,5.75-5.99,0.55,3.00-3.24
356,23,Радиант,1.00-1.24,5.75-5.99,0.55,3.25-3.49
357,23,Радиант,1.00-1.24,5.75-5.99,0.55,3.50-3.74
358,23,Радиант,1.00-1.24,5.75-5.99,0.55,3.75-3.99
359,23,Радиант,1.00-1.24,5.75-5.99,0.55,4.00-4.24
360,23,Радиант,1.00-1.24,5.75-5.99,0.55,4.25-4.49
361,23,Радиант,1.00-1.24,5.75-5.99,0.55,4.50-4.74
362,23,Радиант,1.00-1.24,5.75-5.99,0.55,4.75-4.99
363,23,Радиант,1.00-1.24,5.75-5.99,0.55,5.00-5.24
364,23,Радиант,1.00-1.24,5.75-5.99,0.55,5.25-5.49
365,23,Радиант,1.00-1.24,5.75-5.99,0.55,5.50-5.74
366,23,Радиант,1.00-1.24,5.75-5.99,0.55,5.75-5.99
367,24,Кр-33,400-200,6.00-6.24,0.6,400-200
368,24,Кр-33,400-200,6.00-6.24,0.6,200-120
369,24,Кр-33,400-200,6.00-6.24,0.6,120-90
370,24,Кр-33,400-200,6.00-6.24,0.6,90-60
371,24,Кр-33,400-200,6.00-6.24,0.6,60-40
372,24,Кр-33,400-200,6.00-6.24,0.6,40-30
373,24,Кр-33,400-200,6.00-6.24,0.6,30-25
374,24,Кр-33,400-200,6.00-6.24,0.6,25-20
375,24,Кр-33,400-200,6.00-6.24,0.6,20-15
376,24,Кр-33,400-200,6.00-6.24,0.6,15-10
377,24,Кр-33,400-200,6.00-6.24,0.6,10-7
378,24,Кр-33,400-200,6.00-6.24,0.6,7-6
379,24,Кр-33,400-200,6.00-6.24,0.6,6-5
380,24,Кр-33,400-200,6.00-6.24,0.6,5-4
381,24,Кр-33,400-200,6.00-6.24,0.6,4-3.4
382,24,Кр-33,400-200,6.00-6.24,0.6,0.30-0.39
383,24,Кр-33,400-200,6.00-6.24,0.6,0.40-0.49
384,24,Кр-33,400-200,6.00-6.24,0.6,0.50-0.59
385,24,Кр-33,400-200,6.00-6.24,0.6,0.60-0.69
386,24,Кр-33,400-200,6.00-6.24,0.6,0.70-0.79
387,24,Кр-33,400-200,6.00-6.24,0.6,0.80-0.89
388,24,Кр-33,400-200,6.00-6.24,0.6,0.90-0.99
389,24,Кр-33,400-200,6.00-6.24,0.6,1.00-1.24
390,24,Кр-33,400-200,6.00-6.24,0.6,1.25-1.49
391,24,Кр-33,400-200,6.00-6.24,0.6,1.50-1.74
392,24,Кр-33,400-200,6.00-6.24,0.6,1.75-1.99
393,24,Кр-33,400-200,6.00-6.24,0.6,2.00-2.24
394,24,Кр-33,400-200,6.00-6.24,0.6,2.25-2.49
395,24,Кр-33,400-200,6.00-6.24,0.6,2.50-2.74
396,24,Кр-33,400-200,6.00-6.24,0.6,2.75-2.99
397,24,Кр-33,400-200,6.00-6.24,0.6,3.00-3.24
398,24,Кр-33,400-200,6.00-6.24,0.6,3.25-3.49
399,24,Кр-33,400-200,6.00-6.24,0.6,3.50-3.74
400,24,Кр-33,400-200,6.00-6.24,0.6,3.75-3.99
401,24,Кр-33,400-200,6.00-6.24,0.6,4.00-4.24
402,24,Кр-33,400-200,6.00-6.24,0.6,4.25-4.49
403,24,Кр-33,400-200,6.00-6.24,0.6,4.50-4.74
404,24,Кр-33,400-200,6.00-6.24,0.6,4.75-4.99
405,24,Кр-33,400-200,6.00-6.24,0.6,5.00-5.24
406,24,Кр-33,400-200,6.00-6.24,0.6,5.25-5.49
407,24,Кр-33,400-200,6.00-6.24,0.6,5.50-5.74
408,24,Кр-33,400-200,6.00-6.24,0.6,5.75-5.99
409,24,Кр-33,400-200,6.00-6.24,0.6,6.00-6.24
410,25,Подсолнух,400-200,29.75-29.99,1.0,400-200
411,25,Подсолнух,400-200,29.75-29.99,1.0,200-120
412,25,Подсолнух,400-200,29.75-29.99,1.0,120-90
413,25,Подсолнух,400-200,29.75-29.99,1.0,90-60
414,25,Подсолнух,400-200,29.75-29.99,1.0,60-40
415,25,Подсолнух,400-200,29.75-29.99,1.0,40-30
416,25,Подсолнух,400-200,29.75-29.99,1.0,30-25
417,25,Подсолнух,400-200,29.75-29.99,1.0,25-20
418,25,Подсолнух,400-200,29.75-29.99,1.0,20-15
419,25,Подсолнух,400-200,29.75-29.99,1.0,15-10
420,25,Подсолнух,400-200,29.75-29.99,1.0,10-7
421,25,Подсолнух,400-200,29.75-29.99,1.0,7-6
422,25,Подсолнух,400-200,29.75-29.99,1.0,6-5
423,25,Подсолнух,400-200,29.75-29.99,1.0,5-4
424,25,Подсолнух,400-200,29.75-29.99,1.0,4-3.4
425,25,Подсолнух,400-200,29.75-29.99,1.0,0.30-0.39
426,25,Подсолнух,400-200,29.75-29.99,1.0,0.40-0.49
427,25,Подсолнух,400-200,29.75-29.99,1.0,0.50-0.59
428,25,Подсолнух,400-200,29.75-29.99,1.0,0.60-0.69
429,25,Подсолнух,400-200,29.75-29.99,1.0,0.70-0.79
430,25,Подсолнух,400-200,29.75-29.99,1.0,0.80-0.89
431,25,Подсолнух,400-200,29.75-29.99,1.0,0.90-0.99
432,25,Подсолнух,400-200,29.75-29.99,1.0,1.00-1.24
433,25,Подсолнух,400-200,29.75-29.99,1.0,1.25-1.49
434,25,Подсолнух,400-200,29.75-29.99,1.0,1.50-1.74
435,25,Подсолнух,400-200,29.75-29.99,1.0,1.75-1.99
436,25,Подсолнух,400-200,29.75-29.99,1.0,2.00-2.24
437,25,Подсолнух,400-200,29.75-29.99,1.0,2.25-2.49
438,25,Подсолнух,400-200,29.75-29.99,1.0,2.50-2.74
439,25,Подсолнух,400-200,29.75-29.99,1.0,2.75-2.99
440,25,Подсолнух,400-200,29.75-29.99,1.0,3.00-3.24
441,25,Подсолнух,400-200,29.75-29.99,1.0,3.25-3.49
442,25,Подсолнух,400-200,29.75-29.99,1.0,3.50-3.74
443,25,Подсолнух,400-200,29.75-29.99,1.0,3.75-3.99
444,25,Подсолнух,400-200,29.75-29.99,1.0,4.00-4.24
445,25,Подсолнух,400-200,29.75-29.99,1.0,4.25-4.49
446,25,Подсолнух,400-200,29.75-29.99,1.0,4.50-4.74
447,25,Подсолнух,400-200,29.75-29.99,1.0,4.75-4.99
448,25,Подсолнух,400-200,29.75-29.99,1.0,5.00-5.24
449,25,Подсолнух,400-200,29.75-29.99,1.0,5.25-5.49
450,25,Подсолнух,400-200,29.75-29.99,1.0,5.50-5.74
451,25,Подсолнух,400-200,29.75-29.99,1.0,5.75-5.99
452,25,Подсолнух,400-200,29.75-29.99,1.0,6.00-6.24
453,25,Подсолнух,400-200,29.75-29.99,1.0,6.25-6.49
454,25,Подсолнух,400-200,29.75-29.99,1.0,6.50-6.74
455,25,Подсолнух,400-200,29.75-29.99,1.0,6.75-6.99
456,25,Подсолнух,400-200,29.75-29.99,1.0,7.00-7.24
457,25,Подсолнух,400-200,29.75-29.99,1.0,7.25-7.49
458,25,Подсолнух,400-200,29.75-29.99,1.0,7.50-7.74
459,25,Подсолнух,400-200,29.75-29.99,1.0,7.75-7.99
460,25,Подсолнух,400-200,29.75-29.99,1.0,8.00-8.24
461,25,Подсолнух,400-200,29.75-29.99,1.0,8.25-8.49
462,25,Подсолнух,400-200,29.75-29.99,1.0,8.50-8.74
463,25,Подсолнух,400-200,29.75-29.99,1.0,8.75-8.99
464,25,Подсолнух,400-200,29.75-29.99,1.0,9.00-9.24
465,25,Подсолнух,400-200,29.75-29.99,1.0,9.25-9.49
466,25,Подсолнух,400-200,29.75-29.99,1.0,9.50-9.74
467,25,Подсолнух,400-200,29.75-29.99,1.0,9.75-9.99
468,25,Подсолнух,400-200,29.75-29.99,1.0,10.00-10.24
469,25,Подсолнух,400-200,29.75-29.99,1.0,10.25-10.49
470,25,Подсолнух,400-200,29.75-29.99,1.0,10.50-10.74
471,25,Подсолнух,400-200,29.75-29.99,1.0,10.75-10.99
472,25,Подсолнух,400-200,29.75-29.99,1.0,11.00-11.24
473,25,Подсолнух,400-200,29.75-29.99,1.0,11.25-11.49
474,25,Подсолнух,400-200,29.75-29.99,1.0,11.50-11.74
475,25,Подсолнух,400-200,29.75-29.99,1.0,11.75-11.99
476,25,Подсолнух,400-200,29.75-29.99,1.0,12.00-12.24
477,25,Подсолнух,400-200,29.75-29.99,1.0,12.25-12.49
478,25,Подсолнух,400-200,29.75-29.99,1.0,12.50-12.74
479,25,Подсолнух,400-200,29.75-29.99,1.0,12.75-12.99
480,25,Подсолнух,400-200,29.75-29.99,1.0,13.00-13.24
481,25,Подсолнух,400-200,29.75-29.99,1.0,13.25-13.49
482,25,Подсолнух,400-200,29.75-29.99,1.0,13.50-13.74
483,25,Подсолнух,400-200,29.75-29.99,1.0,13.75-13.99
484,25,Подсолнух,400-200,29.75-29.99,1.0,14.00-14.24
485,25,Подсолнух,400-200,29.75-29.99,1.0,14.25-14.49
486,25,Подсолнух,400-200,29.75-29.99,1.0,14.50-14.74
487,25,Подсолнух,400-200,29.75-29.99,1.0,14.75-14.99
488,25,Подсолнух,400-200,29.75-29.99,1.0,15.00-15.24
489,25,Подсолнух,400-200,29.75-29.99,1.0,15.25-15.49
490,25,Подсолнух,400-200,29.75-29.99,1.0,15.50-15.74
491,25,Подсолнух,400-200,29.75-29.99,1.0,15.75-15.99
492,25,Подсолнух,400-200,29.75-29.99,1.0,16.00-16.24
493,25,Подсолнух,400-200,29.75-29.99,1.0,16.25-16.49
494,25,Подсолнух,400-200,29.75-29.99,1.0,16.50-16.74
495,25,Подсолнух,400-200,29.75-29.99,1.0,16.75-16.99
496,25,Подсолнух,400-200,29.75-29.99,1.0,17.00-17.24
497,25,Подсолнух,400-200,29.75-29.99,1.0,17.25-17.49
498,25,Подсолнух,400-200,29.75-29.99,1.0,17.50-17.74
499,25,Подсолнух,400-200,29.75-29.99,1.0,17.75-17.99
500,25,Подсолнух,400-200,29.75-29.99,1.0,18.00-18.24
501,25,Подсолнух,400-200,29.75-29.99,1.0,18.25-18.49
502,25,Подсолнух,400-200,29.75-29.99,1.0,18.50-18.74
503,25,Подсолнух,400-200,29.75-29.99,1.0,18.75-18.99
504,25,Подсолнух,400-200,29.75-29.99,1.0,19.00-19.24
505,25,Подсолнух,400-200,29.75-29.99,1.0,19.25-19.49
506,25,Подсолнух,400-200,29.75-29.99,1.0,19.50-19.74
507,25,Подсолнух,400-200,29.75-29.99,1.0,19.75-19.99
508,25,Подсолнух,400-200,29.75-29.99,1.0,20.00-20.24
509,25,Подсолнух,400-200,29.75-29.99,1.0,20.25-20.49
510,25,Подсолнух,400-200,29.75-29.99,1.0,20.50-20.74
511,25,Подсолнух,400-200,29.75-29.99,1.0,20.75-20.99
512,25,Подсолнух,400-200,29.75-29.99,1.0,21.00-21.24
513,25,Подсолнух,400-200,29.75-29.99,1.0,21.25-21.49
514,25,Подсолнух,400-200,29.75-29.99,1.0,21.50-21.74
515,25,Подсолнух,400-200,29.75-29.99,1.0,21.75-21.99
516,25,Подсолнух,400-200,29.75-29.99,1.0,22.00-22.24
517,25,Подсолнух,400-200,29.75-29.99,1.0,22.25-22.49
518,25,Подсолнух,400-200,29.75-29.99,1.0,22.50-22.74
519,25,Подсолнух,400-200,29.75-29.99,1.0,22.75-22.99
520,25,Подсолнух,400-200,29.75-29.99,1.0,23.00-23.24
521,25,Подсолнух,400-200,29.75-29.99,1.0,23.25-23.49
522,25,Подсолнух,400-200,29.75-29.99,1.0,23.50-23.74
523,25,Подсолнух,400-200,29.75-29.99,1.0,23.75-23.99
524,25,Подсолнух,400-200,29.75-29.99,1.0,24.00-24.24
525,25,Подсолнух,400-200,29.75-29.99,1.0,24.25-24.49
526,25,Подсолнух,400-200,29.75-29.99,1.0,24.50-24.74
527,25,Подсолнух,400-200,29.75-29.99,1.0,24.75-24.99
528,25,Подсолнух,400-200,29.75-29.99,1.0,25.00-25.24
529,25,Подсолнух,400-200,29.75-29.99,1.0,25.25-25.49
530,25,Подсолнух,400-200,29.75-29.99,1.0,25.50-25.74
531,25,Подсолнух,400-200,29.75-29.99,1.0,25.75-25.99
532,25,Подсолнух,400-200,29.75-29.99,1.0,26.00-26.24
533,25,Подсолнух,400-200,29.75-29.99,1.0,26.25-26.49
534,25,Подсолнух,400-200,29.75-29.99,1.0,26.50-26.74
535,25,Подсолнух,400-200,29.75-29.99,1.0,26.75-26.99
536,25,Подсолнух,400-200,29.75-29.99,1.0,27.00-27.24
537,25,Подсолнух,400-200,29.75-29.99,1.0,27.25-27.49
538,25,Подсолнух,400-200,29.75-29.99,1.0,27.50-27.74
539,25,Подсолнух,400-200,29.75-29.99,1.0,27.75-27.99
540,25,Подсолнух,400-200,29.75-29.99,1.0,28.00-28.24
541,25,Подсолнух,400-200,29.75-29.99,1.0,28.25-28.49
542,25,Подсолнух,400-200,29.75-29.99,1.0,28.50-28.74
543,25,Подсолнух,400-200,29.75-29.99,1.0,28.75-28.99
544,25,Подсолнух,400-200,29.75-29.99,1.0,29.00-29.24
545,25,Подсолнух,400-200,29.75-29.99,1.0,29.25-29.49
546,25,Подсолнух,400-200,29.75-29.99,1.0,29.50-29.74
547,25,Подсолнух,400-200,29.75-29.99,1.0,29.75-29.99
548,26,Кр-44,400-200,46.75-46.99,0.8,400-200
549,26,Кр-44,400-200,46.75-46.99,0.8,200-120
550,26,Кр-44,400-200,46.75-46.99,0.8,120-90
551,26,Кр-44,400-200,46.75-46.99,0.8,90-60
552,26,Кр-44,400-200,46.75-46.99,0.8,60-40
553,26,Кр-44,400-200,46.75-46.99,0.8,40-30
554,26,Кр-44,400-200,46.75-46.99,0.8,30-25
555,26,Кр-44,400-200,46.75-46.99,0.8,25-20
556,26,Кр-44,400-200,46.75-46.99,0.8,20-15
557,26,Кр-44,400-200,46.75-46.99,0.8,15-10
558,26,Кр-44,400-200,46.75-46.99,0.8,10-7
559,26,Кр-44,400-200,46.75-46.99,0.8,7-6
560,26,Кр-44,400-200,46.75-46.99,0.8,6-5
561,26,Кр-44,400-200,46.75-46.99,0.8,5-4
562,26,Кр-44,400-200,46.75-46.99,0.8,4-3.4
563,26,Кр-44,400-200,46.75-46.99,0.8,0.30-0.39
564,26,Кр-44,400-200,46.75-46.99,0.8,0.40-0.49
565,26,Кр-44,400-200,46.75-46.99,0.8,0.50-0.59
566,26,Кр-44,400-200,46.75-46.99,0.8,0.60-0.69
567,26,Кр-44,400-200,46.75-46.99,0.8,0.70-0.79
568,26,Кр-44,400-200,46.75-46.99,0.8,0.80-0.89
569,26,Кр-44,400-200,46.75-46.99,0.8,0.90-0.99
570,26,Кр-44,400-200,46.75-46.99,0.8,1.00-1.24
571,26,Кр-44,400-200,46.75-46.99,0.8,1.25-1.49
572,26,Кр-44,400-200,46.75-46.99,0.8,1.50-1.74
573,26,Кр-44,400-200,46.75-46.99,0.8,1.75-1.99
574,26,Кр-44,400-200,46.75-46.99,0.8,2.00-2.24
575,26,Кр-44,400-200,46.75-46.99,0.8,2.25-2.49
576,26,Кр-44,400-200,46.75-46.99,0.8,2.50-2.74
577,26,Кр-44,400-200,46.75-46.99,0.8,2.75-2.99
578,26,Кр-44,400-200,46.75-46.99,0.8,3.00-3.24
579,26,Кр-44,400-200,46.75-46.99,0.8,3.25-3.49
580,26,Кр-44,400-200,46.75-46.99,0.8,3.50-3.74
581,26,Кр-44,400-200,46.75-46.99,0.8,3.75-3.99
582,26,Кр-44,400-200,46.75-46.99,0.8,4.00-4.24
583,26,Кр-44,400-200,46.75-46.99,0.8,4.25-4.49
584,26,Кр-44,400-200,46.75-46.99,0.8,4.50-4.74
585,26,Кр-44,400-200,46.75-46.99,0.8,4.75-4.99
586,26,Кр-44,400-200,46.75-46.99,0.8,5.00-5.24
587,26,Кр-44,400-200,46.75-46.99,0.8,5.25-5.49
588,26,Кр-44,400-200,46.75-46.99,0.8,5.50-5.74
589,26,Кр-44,400-200,46.75-46.99,0.8,5.75-5.99
590,26,Кр-44,400-200,46.75-46.99,0.8,6.00-6.24
591,26,Кр-44,400-200,46.75-46.99,0.8,6.25-6.49
592,26,Кр-44,400-200,46.75-46.99,0.8,6.50-6.74
593,26,Кр-44,400-200,46.75-46.99,0.8,6.75-6.99
594,26,Кр-44,400-200,46.75-46.99,0.8,7.00-7.24
595,26,Кр-44,400-200,46.75-46.99,0.8,7.25-7.49
596,26,Кр-44,400-200,46.75-46.99,0.8,7.50-7.74
597,26,Кр-44,400-200,46.75-46.99,0.8,7.75-7.99
598,26,Кр-44,400-200,46.75-46.99,0.8,8.00-8.24
599,26,Кр-44,400-200,46.75-46.99,0.8,8.25-8.49
600,26,Кр-44,400-200,46.75-46.99,0.8,8.50-8.74
601,26,Кр-44,400-200,46.75-46.99,0.8,8.75-8.99
602,26,Кр-44,400-200,46.75-46.99,0.8,9.00-9.24
603,26,Кр-44,400-200,46.75-46.99,0.8,9.25-9.49
604,26,Кр-44,400-200,46.75-46.99,0.8,9.50-9.74
605,26,Кр-44,400-200,46.75-46.99,0.8,9.75-9.99
606,26,Кр-44,400-200,46.75-46.99,0.8,10.00-10.24
607,26,Кр-44,400-200,46.75-46.99,0.8,10.25-10.49
608,26,Кр-44,400-200,46.75-46.99,0.8,10.50-10.74
609,26,Кр-44,400-200,46.75-46.99,0.8,10.75-10.99
610,26,Кр-44,400-200,46.75-46.99,0.8,11.00-11.24
611,26,Кр-44,400-200,46.75-46.99,0.8,11.25-11.49
612,26,Кр-44,400-200,46.75-46.99,0.8,11.50-11.74
613,26,Кр-44,400-200,46.75-46.99,0.8,11.75-11.99
614,26,Кр-44,400-200,46.75-46.99,0.8,12.00-12.24
615,26,Кр-44,400-200,46.75-46.99,0.8,12.25-12.49
616,26,Кр-44,400-200,46.75-46.99,0.8,12.50-12.74
617,26,Кр-44,400-200,46.75-46.99,0.8,12.75-12.99
618,26,Кр-44,400-200,46.75-46.99,0.8,13.00-13.24
619,26,Кр-44,400-200,46.75-46.99,0.8,13.25-13.49
620,26,Кр-44,400-200,46.75-46.99,0.8,13.50-13.74
621,26,Кр-44,400-200,46.75-46.99,0.8,13.75-13.99
622,26,Кр-44,400-200,46.75-46.99,0.8,14.00-14.24
623,26,Кр-44,400-200,46.75-46.99,0.8,14.25-14.49
624,26,Кр-44,400-200,46.75-46.99,0.8,14.50-14.74
625,26,Кр-44,400-200,46.75-46.99,0.8,14.75-14.99
626,26,Кр-44,400-200,46.75-46.99,0.8,15.00-15.24
627,26,Кр-44,400-200,46.75-46.99,0.8,15.25-15.49
628,26,Кр-44,400-200,46.75-46.99,0.8,15.50-15.74
629,26,Кр-44,400-200,46.75-46.99,0.8,15.75-15.99
630,26,Кр-44,400-200,46.75-46.99,0.8,16.00-16.24
631,26,Кр-44,400-200,46.75-46.99,0.8,16.25-16.49
632,26,Кр-44,400-200,46.75-46.99,0.8,16.50-16.74
633,26,Кр-44,400-200,46.75-46.99,0.8,16.75-16.99
634,26,Кр-44,400-200,46.75-46.99,0.8,17.00-17.24
635,26,Кр-44,400-200,46.75-46.99,0.8,17.25-17.49
636,26,Кр-44,400-200,46.75-46.99,0.8,17.50-17.74
637,26,Кр-44,400-200,46.75-46.99,0.8,17.75-17.99
638,26,Кр-44,400-200,46.75-46.99,0.8,18.00-18.24
639,26,Кр-44,400-200,46.75-46.99,0.8,18.25-18.49
640,26,Кр-44,400-200,46.75-46.99,0.8,18.50-18.74
641,26,Кр-44,400-200,46.75-46.99,0.8,18.75-18.99
642,26,Кр-44,400-200,46.75-46.99,0.8,19.00-19.24
643,26,Кр-44,400-200,46.75-46.99,0.8,19.25-19.49
644,26,Кр-44,400-200,46.75-46.99,0.8,19.50-19.74
645,26,Кр-44,400-200,46.75-46.99,0.8,19.75-19.99
646,26,Кр-44,400-200,46.75-46.99,0.8,20.00-20.24
647,26,Кр-44,400-200,46.75-46.99,0.8,20.25-20.49
648,26,Кр-44,400-200,46.75-46.99,0.8,20.50-20.74
649,26,Кр-44,400-200,46.75-46.99,0.8,20.75-20.99
650,26,Кр-44,400-200,46.75-46.99,0.8,21.00-21.24
651,26,Кр-44,400-200,46.75-46.99,0.8,21.25-21.49
652,26,Кр-44,400-200,46.75-46.99,0.8,21.50-21.74
653,26,Кр-44,400-200,46.75-46.99,0.8,21.75-21.99
654,26,Кр-44,400-200,46.75-46.99,0.8,22.00-22.24
655,26,Кр-44,400-200,46.75-46.99,0.8,22.25-22.49
656,26,Кр-44,400-200,46.75-46.99,0.8,22.50-22.74
657,26,Кр-44,400-200,46.75-46.99,0.8,22.75-22.99
658,26,Кр-44,400-200,46.75-46.99,0.8,23.00-23.24
659,26,Кр-44,400-200,46.75-46.99,0.8,23.25-23.49
660,26,Кр-44,400-200,46.75-46.99,0.8,23.50-23.74
661,26,Кр-44,400-200,46.75-46.99,0.8,23.75-23.99
662,26,Кр-44,400-200,46.75-46.99,0.8,24.00-24.24
663,26,Кр-44,400-200,46.75-46.99,0.8,24.25-24.49
664,26,Кр-44,400-200,46.75-46.99,0.8,24.50-24.74
665,26,Кр-44,400-200,46.75-46.99,0.8,24.75-24.99
666,26,Кр-44,400-200,46.75-46.99,0.8,25.00-25.24
667,26,Кр-44,400-200,46.75-46.99,0.8,25.25-25.49
668,26,Кр-44,400-200,46.75-46.99,0.8,25.50-25.74
669,26,Кр-44,400-200,46.75-46.99,0.8,25.75-25.99
670,26,Кр-44,400-200,46.75-46.99,0.8,26.00-26.24
671,26,Кр-44,400-200,46.75-46.99,0.8,26.25-26.49
672,26,Кр-44,400-200,46.75-46.99,0.8,26.50-26.74
673,26,Кр-44,400-200,46.75-46.99,0.8,26.75-26.99
674,26,Кр-44,400-200,46.75-46.99,0.8,27.00-27.24
675,26,Кр-44,400-200,46.75-46.99,0.8,27.25-27.49
676,26,Кр-44,400-200,46.75-46.99,0.8,27.50-27.74
677,26,Кр-44,400-200,46.75-46.99,0.8,27.75-27.99
678,26,Кр-44,400-200,46.75-46.99,0.8,28.00-28.24
679,26,Кр-44,400-200,46.75-46.99,0.8,28.25-28.49
680,26,Кр-44,400-200,46.75-46.99,0.8,28.50-28.74
681,26,Кр-44,400-200,46.75-46.99,0.8,28.75-28.99
682,26,Кр-44,400-200,46.75-46.99,0.8,29.00-29.24
683,26,Кр-44,400-200,46.75-46.99,0.8,29.25-29.49
684,26,Кр-44,400-200,46.75-46.99,0.8,29.50-29.74
685,26,Кр-44,400-200,46.75-46.99,0.8,29.75-29.99
686,26,Кр-44,400-200,46.75-46.99,0.8,30.00-30.24
687,26,Кр-44,400-200,46.75-46.99,0.8,30.25-30.49
688,26,Кр-44,400-200,46.75-46.99,0.8,30.50-30.74
689,26,Кр-44,400-200,46.75-46.99,0.8,30.75-30.99
690,26,Кр-44,400-200,46.75-46.99,0.8,31.00-31.24
691,26,Кр-44,400-200,46.75-46.99,0.8,31.25-31.49
692,26,Кр-44,400-200,46.75-46.99,0.8,31.50-31.74
693,26,Кр-44,400-200,46.75-46.99,0.8,31.75-31.99
694,26,Кр-44,400-200,46.75-46.99,0.8,32.00-32.24
695,26,Кр-44,400-200,46.75-46.99,0.8,32.25-32.49
696,26,Кр-44,400-200,46.75-46.99,0.8,32.50-32.74
697,26,Кр-44,400-200,46.75-46.99,0.8,32.75-32.99
698,26,Кр-44,400-200,46.75-46.99,0.8,33.00-33.24
699,26,Кр-44,400-200,46.75-46.99,0.8,33.25-33.49
700,26,Кр-44,400-200,46.75-46.99,0.8,33.50-33.74
701,26,Кр-44,400-200,46.75-46.99,0.8,33.75-33.99
702,26,Кр-44,400-200,46.75-46.99,0.8,34.00-34.24
703,26,Кр-44,400-200,46.75-46.99,0.8,34.25-34.49
704,26,Кр-44,400-200,46.75-46.99,0.8,34.50-34.74
705,26,Кр-44,400-200,46.75-46.99,0.8,34.75-34.99
706,26,Кр-44,400-200,46.75-46.99,0.8,35.00-35.24
707,26,Кр-44,400-200,46.75-46.99,0.8,35.25-35.49
708,26,Кр-44,400-200,46.75-46.99,0.8,35.50-35.74
709,26,Кр-44,400-200,46.75-46.99,0.8,35.75-35.99
710,26,Кр-44,400-200,46.75-46.99,0.8,36.00-36.24
711,26,Кр-44,400-200,46.75-46.99,0.8,36.25-36.49
712,26,Кр-44,400-200,46.75-46.99,0.8,36.50-36.74
713,26,Кр-44,400-200,46.75-46.99,0.8,36.75-36.99
714,26,Кр-44,400-200,46.75-46.99,0.8,37.00-37.24
715,26,Кр-44,400-200,46.75-46.99,0.8,37.25-37.49
716,26,Кр-44,400-200,46.75-46.99,0.8,37.50-37.74
717,26,Кр-44,400-200,46.75-46.99,0.8,37.75-37.99
718,26,Кр-44,400-200,46.75-46.99,0.8,38.00-38.24
719,26,Кр-44,400-200,46.75-46.99,0.8,38.25-38.49
720,26,Кр-44,400-200,46.75-46.99,0.8,38.50-38.74
721,26,Кр-44,400-200,46.75-46.99,0.8,38.75-38.99
722,26,Кр-44,400-200,46.75-46.99,0.8,39.00-39.24
723,26,Кр-44,400-200,46.75-46.99,0.8,39.25-39.49
724,26,Кр-44,400-200,46.75-46.99,0.8,39.50-39.74
725,26,Кр-44,400-200,46.75-46.99,0.8,39.75-39.99
726,26,Кр-44,400-200,46.75-46.99,0.8,40.00-40.24
727,26,Кр-44,400-200,46.75-46.99,0.8,40.25-40.49
728,26,Кр-44,400-200,46.75-46.99,0.8,40.50-40.74
729,26,Кр-44,400-200,46.75-46.99,0.8,40.75-40.99
730,26,Кр-44,400-200,46.75-46.99,0.8,41.00-41.24
731,26,Кр-44,400-200,46.75-46.99,0.8,41.25-41.49
732,26,Кр-44,400-200,46.75-46.99,0.8,41.50-41.74
733,26,Кр-44,400-200,46.75-46.99,0.8,41.75-41.99
734,26,Кр-44,400-200,46.75-46.99,0.8,42.00-42.24
735,26,Кр-44,400-200,46.75-46.99,0.8,42.25-42.49
736,26,Кр-44,400-200,46.75-46.99,0.8,42.50-42.74
737,26,Кр-44,400-200,46.75-46.99,0.8,42.75-42.99
738,26,Кр-44,400-200,46.75-46.99,0.8,43.00-43.24
739,26,Кр-44,400-200,46.75-46.99,0.8,43.25-43.49
740,26,Кр-44,400-200,46.75-46.99,0.8,43.50-43.74
741,26,Кр-44,400-200,46.75-46.99,0.8,43.75-43.99
742,26,Кр-44,400-200,46.75-46.99,0.8,44.00-44.24
743,26,Кр-44,400-200,46.75-46.99,0.8,44.25-44.49
744,26,Кр-44,400-200,46.75-46.99,0.8,44.50-44.74
745,26,Кр-44,400-200,46.75-46.99,0.8,44.75-44.99
746,26,Кр-44,400-200,46.75-46.99,0.8,45.00-45.24
747,26,Кр-44,400-200,46.75-46.99,0.8,45.25-45.49
748,26,Кр-44,400-200,46.75-46.99,0.8,45.50-45.74
749,26,Кр-44,400-200,46.75-46.99,0.8,45.75-45.99
750,26,Кр-44,400-200,46.75-46.99,0.8,46.00-46.24
751,26,Кр-44,400-200,46.75-46.99,0.8,46.25-46.49
752,26,Кр-44,400-200,46.75-46.99,0.8,46.50-46.74
753,26,Кр-44,400-200,46.75-46.99,0.8,46.75-46.99
754,27,Кр-87,400-200,4.0-3.3,0.55,400-200
755,27,Кр-87,400-200,4.0-3.3,0.55,200-120
756,27,Кр-87,400-200,4.0-3.3,0.55,120-90
757,27,Кр-87,400-200,4.0-3.3,0.55,90-60
758,27,Кр-87,400-200,4.0-3.3,0.55,60-40
759,27,Кр-87,400-200,4.0-3.3,0.55,40-30
760,27,Кр-87,400-200,4.0-3.3,0.55,30-25
761,27,Кр-87,400-200,4.0-3.3,0.55,25-20
762,27,Кр-87,400-200,4.0-3.3,0.55,20-15
763,27,Кр-87,400-200,4.0-3.3,0.55,15-10
764,27,Кр-87,400-200,4.0-3.3,0.55,10-7
765,27,Кр-87,400-200,4.0-3.3,0.55,7-6
766,27,Кр-87,400-200,4.0-3.3,0.55,6-5
767,27,Кр-87,400-200,4.0-3.3,0.55,5-4
768,27,Кр-87,400-200,4.0-3.3,0.55,4-3.4
769,28,Кр-87,0.30-0.39,6.75-6.99,0.5,0.30-0.39
770,28,Кр-87,0.30-0.39,6.75-6.99,0.5,0.40-0.49
771,28,Кр-87,0.30-0.39,6.75-6.99,0.5,0.50-0.59
772,28,Кр-87,0.30-0.39,6.75-6.99,0.5,0.60-0.69
773,28,Кр-87,0.30-0.39,6.75-6.99,0.5,0.70-0.79
774,28,Кр-87,0.30-0.39,6.75-6.99,0.5,0.80-0.89
775,28,Кр-87,0.30-0.39,6.75-6.99,0.5,0.90-0.99
776,28,Кр-87,0.30-0.39,6.75-6.99,0.5,1.00-1.24
777,28,Кр-87,0.30-0.39,6.75-6.99,0.5,1.25-1.49
778,28,Кр-87,0.30-0.39,6.75-6.99,0.5,1.50-1.74
779,28,Кр-87,0.30-0.39,6.75-6.99,0.5,1.75-1.99
780,28,Кр-87,0.30-0.39,6.75-6.99,0.5,2.00-2.24
781,28,Кр-87,0.30-0.39,6.75-6.99,0.5,2.25-2.49
782,28,Кр-87,0.30-0.39,6.75-6.99,0.5,2.50-2.74
783,28,Кр-87,0.30-0.39,6.75-6.99,0.5,2.75-2.99
784,28,Кр-87,0.30-0.39,6.75-6.99,0.5,3.00-3.24
785,28,Кр-87,0.30-0.39,6.75-6.99,0.5,3.25-3.49
786,28,Кр-87,0.30-0.39,6.75-6.99,0.5,3.50-3.74
787,28,Кр-87,0.30-0.39,6.75-6.99,0.5,3.75-3.99
788,28,Кр-87,0.30-0.39,6.75-6.99,0.5,4.00-4.24
789,28,Кр-87,0.30-0.39,6.75-6.99,0.5,4.25-4.49
790,28,Кр-87,0.30-0.39,6.75-6.99,0.5,4.50-4.74
791,28,Кр-87,0.30-0.39,6.75-6.99,0.5,4.75-4.99
792,28,Кр-87,0.30-0.39,6.75-6.99,0.5,5.00-5.24
793,28,Кр-87,0.30-0.39,6.75-6.99,0.5,5.25-5.49
794,28,Кр-87,0.30-0.39,6.75-6.99,0.5,5.50-5.74
795,28,Кр-87,0.30-0.39,6.75-6.99,0.5,5.75-5.99
796,28,Кр-87,0.30-0.39,6.75-6.99,0.5,6.00-6.24
797,28,Кр-87,0.30-0.39,6.75-6.99,0.5,6.25-6.49
798,28,Кр-87,0.30-0.39,6.75-6.99,0.5,6.50-6.74
799,28,Кр-87,0.30-0.39,6.75-6.99,0.5,6.75-6.99
800,29,Тимур,400-200,46.75-46.99,0.85,400-200
801,29,Тимур,400-200,46.75-46.99,0.85,200-120
802,29,Тимур,400-200,46.75-46.99,0.85,120-90
803,29,Тимур,400-200,46.75-46.99,0.85,90-60
804,29,Тимур,400-200,46.75-46.99,0.85,60-40
805,29,Тимур,400-200,46.75-46.99,0.85,40-30
806,29,Тимур,400-200,46.75-46.99,0.85,30-25
807,29,Тимур,400-200,46.75-46.99,0.85,25-20
808,29,Тимур,400-200,46.75-46.99,0.85,20-15
809,29,Тимур,400-200,46.75-46.99,0.85,15-10
810,29,Тимур,400-200,46.75-46.99,0.85,10-7
811,29,Тимур,400-200,46.75-46.99,0.85,7-6
812,29,Тимур,400-200,46.75-46.99,0.85,6-5
813,29,Тимур,400-200,46.75-46.99,0.85,5-4
814,29,Тимур,400-200,46.75-46.99,0.85,4-3.4
815,29,Тимур,400-200,46.75-46.99,0.85,0.30-0.39
816,29,Тимур,400-200,46.75-46.99,0.85,0.40-0.49
817,29,Тимур,400-200,46.75-46.99,0.85,0.50-0.59
818,29,Тимур,400-200,46.75-46.99,0.85,0.60-0.69
819,29,Тимур,400-200,46.75-46.99,0.85,0.70-0.79
820,29,Тимур,400-200,46.75-46.99,0.85,0.80-0.89
821,29,Тимур,400-200,46.75-46.99,0.85,0.90-0.99
822,29,Тимур,400-200,46.75-46.99,0.85,1.00-1.24
823,29,Тимур,400-200,46.75-46.99,0.85,1.25-1.49
824,29,Тимур,400-200,46.75-46.99,0.85,1.50-1.74
825,29,Тимур,400-200,46.75-46.99,0.85,1.75-1.99
826,29,Тимур,400-200,46.75-46.99,0.85,2.00-2.24
827,29,Тимур,400-200,46.75-46.99,0.85,2.25-2.49
828,29,Тимур,400-200,46.75-46.99,0.85,2.50-2.74
829,29,Тимур,400-200,46.75-46.99,0.85,2.75-2.99
830,29,Тимур,400-200,46.75-46.99,0.85,3.00-3.24
831,29,Тимур,400-200,46.75-46.99,0.85,3.25-3.49
832,29,Тимур,400-200,46.75-46.99,0.85,3.50-3.74
833,29,Тимур,400-200,46.75-46.99,0.85,3.75-3.99
834,29,Тимур,400-200,46.75-46.99,0.85,4.00-4.24
835,29,Тимур,400-200,46.75-46.99,0.85,4.25-4.49
836,29,Тимур,400-200,46.75-46.99,0.85,4.50-4.74
837,29,Тимур,400-200,46.75-46.99,0.85,4.75-4.99
838,29,Тимур,400-200,46.75-46.99,0.85,5.00-5.24
839,29,Тимур,400-200,46.75-46.99,0.85,5.25-5.49
840,29,Тимур,400-200,46.75-46.99,0.85,5.50-5.74
841,29,Тимур,400-200,46.75-46.99,0.85,5.75-5.99
842,29,Тимур,400-200,46.75-46.99,0.85,6.00-6.24
843,29,Тимур,400-200,46.75-46.99,0.85,6.25-6.49
844,29,Тимур,400-200,46.75-46.99,0.85,6.50-6.74
845,29,Тимур,400-200,46.75-46.99,0.85,6.75-6.99
846,29,Тимур,400-200,46.75-46.99,0.85,7.00-7.24
847,29,Тимур,400-200,46.75-46.99,0.85,7.25-7.49
848,29,Тимур,400-200,46.75-46.99,0.85,7.50-7.74
849,29,Тимур,400-200,46.75-46.99,0.85,7.75-7.99
850,29,Тимур,400-200,46.75-46.99,0.85,8.00-8.24
851,29,Тимур,400-200,46.75-46.99,0.85,8.25-8.49
852,29,Тимур,400-200,46.75-46.99,0.85,8.50-8.74
853,29,Тимур,400-200,46.75-46.99,0.85,8.75-8.99
854,29,Тимур,400-200,46.75-46.99,0.85,9.00-9.24
855,29,Тимур,400-200,46.75-46.99,0.85,9.25-9.49
856,29,Тимур,400-200,46.75-46.99,0.85,9.50-9.74
857,29,Тимур,400-200,46.75-46.99,0.85,9.75-9.99
858,29,Тимур,400-200,46.75-46.99,0.85,10.00-10.24
859,29,Тимур,400-200,46.75-46.99,0.85,10.25-10.49
860,29,Тимур,400-200,46.75-46.99,0.85,10.50-10.74
861,29,Тимур,400-200,46.75-46.99,0.85,10.75-10.99
862,29,Тимур,400-200,46.75-46.99,0.85,11.00-11.24
863,29,Тимур,400-200,46.75-46.99,0.85,11.25-11.49
864,29,Тимур,400-200,46.75-46.99,0.85,11.50-11.74
865,29,Тимур,400-200,46.75-46.99,0.85,11.75-11.99
866,29,Тимур,400-200,46.75-46.99,0.85,12.00-12.24
867,29,Тимур,400-200,46.75-46.99,0.85,12.25-12.49
868,29,Тимур,400-200,46.75-46.99,0.85,12.50-12.74
869,29,Тимур,400-200,46.75-46.99,0.85,12.75-12.99
870,29,Тимур,400-200,46.75-46.99,0.85,13.00-13.24
871,29,Тимур,400-200,46.75-46.99,0.85,13.25-13.49
872,29,Тимур,400-200,46.75-46.99,0.85,13.50-13.74
873,29,Тимур,400-200,46.75-46.99,0.85,13.75-13.99
874,29,Тимур,400-200,46.75-46.99,0.85,14.00-14.24
875,29,Тимур,400-200,46.75-46.99,0.85,14.25-14.49
876,29,Тимур,400-200,46.75-46.99,0.85,14.50-14.74
877,29,Тимур,400-200,46.75-46.99,0.85,14.75-14.99
878,29,Тимур,400-200,46.75-46.99,0.85,15.00-15.24
879,29,Тимур,400-200,46.75-46.99,0.85,15.25-15.49
880,29,Тимур,400-200,46.75-46.99,0.85,15.50-15.74
881,29,Тимур,400-200,46.75-46.99,0.85,15.75-15.99
882,29,Тимур,400-200,46.75-46.99,0.85,16.00-16.24
883,29,Тимур,400-200,46.75-46.99,0.85,16.25-16.49
884,29,Тимур,400-200,46.75-46.99,0.85,16.50-16.74
885,29,Тимур,400-200,46.75-46.99,0.85,16.75-16.99
886,29,Тимур,400-200,46.75-46.99,0.85,17.00-17.24
887,29,Тимур,400-200,46.75-46.99,0.85,17.25-17.49
888,29,Тимур,400-200,46.75-46.99,0.85,17.50-17.74
889,29,Тимур,400-200,46.75-46.99,0.85,17.75-17.99
890,29,Тимур,400-200,46.75-46.99,0.85,18.00-18.24
891,29,Тимур,400-200,46.75-46.99,0.85,18.25-18.49
892,29,Тимур,400-200,46.75-46.99,0.85,18.50-18.74
893,29,Тимур,400-200,46.75-46.99,0.85,18.75-18.99
894,29,Тимур,400-200,46.75-46.99,0.85,19.00-19.24
895,29,Тимур,400-200,46.75-46.99,0.85,19.25-19.49
896,29,Тимур,400-200,46.75-46.99,0.85,19.50-19.74
897,29,Тимур,400-200,46.75-46.99,0.85,19.75-19.99
898,29,Тимур,400-200,46.75-46.99,0.85,20.00-20.24
899,29,Тимур,400-200,46.75-46.99,0.85,20.25-20.49
900,29,Тимур,400-200,46.75-46.99,0.85,20.50-20.74
901,29,Тимур,400-200,46.75-46.99,0.85,20.75-20.99
902,29,Тимур,400-200,46.75-46.99,0.85,21.00-21.24
903,29,Тимур,400-200,46.75-46.99,0.85,21.25-21.49
904,29,Тимур,400-200,46.75-46.99,0.85,21.50-21.74
905,29,Тимур,400-200,46.75-46.99,0.85,21.75-21.99
906,29,Тимур,400-200,46.75-46.99,0.85,22.00-22.24
907,29,Тимур,400-200,46.75-46.99,0.85,22.25-22.49
908,29,Тимур,400-200,46.75-46.99,0.85,22.50-22.74
909,29,Тимур,400-200,46.75-46.99,0.85,22.75-22.99
910,29,Тимур,400-200,46.75-46.99,0.85,23.00-23.24
911,29,Тимур,400-200,46.75-46.99,0.85,23.25-23.49
912,29,Тимур,400-200,46.75-46.99,0.85,23.50-23.74
913,29,Тимур,400-200,46.75-46.99,0.85,23.75-23.99
914,29,Тимур,400-200,46.75-46.99,0.85,24.00-24.24
915,29,Тимур,400-200,46.75-46.99,0.85,24.25-24.49
916,29,Тимур,400-200,46.75-46.99,0.85,24.50-24.74
917,29,Тимур,400-200,46.75-46.99,0.85,24.75-24.99
918,29,Тимур,400-200,46.75-46.99,0.85,25.00-25.24
919,29,Тимур,400-200,46.75-46.99,0.85,25.25-25.49
920,29,Тимур,400-200,46.75-46.99,0.85,25.50-25.74
921,29,Тимур,400-200,46.75-46.99,0.85,25.75-25.99
922,29,Тимур,400-200,46.75-46.99,0.85,26.00-26.24
923,29,Тимур,400-200,46.75-46.99,0.85,26.25-26.49
924,29,Тимур,400-200,46.75-46.99,0.85,26.50-26.74
925,29,Тимур,400-200,46.75-46.99,0.85,26.75-26.99
926,29,Тимур,400-200,46.75-46.99,0.85,27.00-27.24
927,29,Тимур,400-200,46.75-46.99,0.85,27.25-27.49
928,29,Тимур,400-200,46.75-46.99,0.85,27.50-27.74
929,29,Тимур,400-200,46.75-46.99,0.85,27.75-27.99
930,29,Тимур,400-200,46.75-46.99,0.85,28.00-28.24
931,29,Тимур,400-200,46.75-46.99,0.85,28.25-28.49
932,29,Тимур,400-200,46.75-46.99,0.85,28.50-28.74
933,29,Тимур,400-200,46.75-46.99,0.85,28.75-28.99
934,29,Тимур,400-200,46.75-46.99,0.85,29.00-29.24
935,29,Тимур,400-200,46.75-46.99,0.85,29.25-29.49
936,29,Тимур,400-200,46.75-46.99,0.85,29.50-29.74
937,29,Тимур,400-200,46.75-46.99,0.85,29.75-29.99
938,29,Тимур,400-200,46.75-46.99,0.85,30.00-30.24
939,29,Тимур,400-200,46.75-46.99,0.85,30.25-30.49
940,29,Тимур,400-200,46.75-46.99,0.85,30.50-30.74
941,29,Тимур,400-200,46.75-46.99,0.85,30.75-30.99
942,29,Тимур,400-200,46.75-46.99,0.85,31.00-31.24
943,29,Тимур,400-200,46.75-46.99,0.85,31.25-31.49
944,29,Тимур,400-200,46.75-46.99,0.85,31.50-31.74
945,29,Тимур,400-200,46.75-46.99,0.85,31.75-31.99
946,29,Тимур,400-200,46.75-46.99,0.85,32.00-32.24
947,29,Тимур,400-200,46.75-46.99,0.85,32.25-32.49
948,29,Тимур,400-200,46.75-46.99,0.85,32.50-32.74
949,29,Тимур,400-200,46.75-46.99,0.85,32.75-32.99
950,29,Тимур,400-200,46.75-46.99,0.85,33.00-33.24
951,29,Тимур,400-200,46.75-46.99,0.85,33.25-33.49
952,29,Тимур,400-200,46.75-46.99,0.85,33.50-33.74
953,29,Тимур,400-200,46.75-46.99,0.85,33.75-33.99
954,29,Тимур,400-200,46.75-46.99,0.85,34.00-34.24
955,29,Тимур,400-200,46.75-46.99,0.85,34.25-34.49
956,29,Тимур,400-200,46.75-46.99,0.85,34.50-34.74
957,29,Тимур,400-200,46.75-46.99,0.85,34.75-34.99
958,29,Тимур,400-200,46.75-46.99,0.85,35.00-35.24
959,29,Тимур,400-200,46.75-46.99,0.85,35.25-35.49
960,29,Тимур,400-200,46.75-46.99,0.85,35.50-35.74
961,29,Тимур,400-200,46.75-46.99,0.85,35.75-35.99
962,29,Тимур,400-200,46.75-46.99,0.85,36.00-36.24
963,29,Тимур,400-200,46.75-46.99,0.85,36.25-36.49
964,29,Тимур,400-200,46.75-46.99,0.85,36.50-36.74
965,29,Тимур,400-200,46.75-46.99,0.85,36.75-36.99
966,29,Тимур,400-200,46.75-46.99,0.85,37.00-37.24
967,29,Тимур,400-200,46.75-46.99,0.85,37.25-37.49
968,29,Тимур,400-200,46.75-46.99,0.85,37.50-37.74
969,29,Тимур,400-200,46.75-46.99,0.85,37.75-37.99
970,29,Тимур,400-200,46.75-46.99,0.85,38.00-38.24
971,29,Тимур,400-200,46.75-46.99,0.85,38.25-38.49
972,29,Тимур,400-200,46.75-46.99,0.85,38.50-38.74
973,29,Тимур,400-200,46.75-46.99,0.85,38.75-38.99
974,29,Тимур,400-200,46.75-46.99,0.85,39.00-39.24
975,29,Тимур,400-200,46.75-46.99,0.85,39.25-39.49
976,29,Тимур,400-200,46.75-46.99,0.85,39.50-39.74
977,29,Тимур,400-200,46.75-46.99,0.85,39.75-39.99
978,29,Тимур,400-200,46.75-46.99,0.85,40.00-40.24
979,29,Тимур,400-200,46.75-46.99,0.85,40.25-40.49
980,29,Тимур,400-200,46.75-46.99,0.85,40.50-40.74
981,29,Тимур,400-200,46.75-46.99,0.85,40.75-40.99
982,29,Тимур,400-200,46.75-46.99,0.85,41.00-41.24
983,29,Тимур,400-200,46.75-46.99,0.85,41.25-41.49
984,29,Тимур,400-200,46.75-46.99,0.85,41.50-41.74
985,29,Тимур,400-200,46.75-46.99,0.85,41.75-41.99
986,29,Тимур,400-200,46.75-46.99,0.85,42.00-42.24
987,29,Тимур,400-200,46.75-46.99,0.85,42.25-42.49
988,29,Тимур,400-200,46.75-46.99,0.85,42.50-42.74
989,29,Тимур,400-200,46.75-46.99,0.85,42.75-42.99
990,29,Тимур,400-200,46.75-46.99,0.85,43.00-43.24
991,29,Тимур,400-200,46.75-46.99,0.85,43.25-43.49
992,29,Тимур,400-200,46.75-46.99,0.85,43.50-43.74
993,29,Тимур,400-200,46.75-46.99,0.85,43.75-43.99
994,29,Тимур,400-200,46.75-46.99,0.85,44.00-44.24
995,29,Тимур,400-200,46.75-46.99,0.85,44.25-44.49
996,29,Тимур,400-200,46.75-46.99,0.85,44.50-44.74
997,29,Тимур,400-200,46.75-46.99,0.85,44.75-44.99
998,29,Тимур,400-200,46.75-46.99,0.85,45.00-45.24
999,29,Тимур,400-200,46.75-46.99,0.85,45.25-45.49
1000,29,Тимур,400-200,46.75-46.99,0.85,45.50-45.74
1001,29,Тимур,400-200,46.75-46.99,0.85,45.75-45.99
1002,29,Тимур,400-200,46.75-46.99,0.85,46.00-46.24
1003,29,Тимур,400-200,46.75-46.99,0.85,46.25-46.49
1004,29,Тимур,400-200,46.75-46.99,0.85,46.50-46.74
1005,29,Тимур,400-200,46.75-46.99,0.85,46.75-46.99
1006,30,Мичил,400-200,46.75-46.99,0.9,400-200
1007,30,Мичил,400-200,46.75-46.99,0.9,200-120
1008,30,Мичил,400-200,46.75-46.99,0.9,120-90
1009,30,Мичил,400-200,46.75-46.99,0.9,90-60
1010,30,Мичил,400-200,46.75-46.99,0.9,60-40
1011,30,Мичил,400-200,46.75-46.99,0.9,40-30
1012,30,Мичил,400-200,46.75-46.99,0.9,30-25
1013,30,Мичил,400-200,46.75-46.99,0.9,25-20
1014,30,Мичил,400-200,46.75-46.99,0.9,20-15
1015,30,Мичил,400-200,46.75-46.99,0.9,15-10
1016,30,Мичил,400-200,46.75-46.99,0.9,10-7
1017,30,Мичил,400-200,46.75-46.99,0.9,7-6
1018,30,Мичил,400-200,46.75-46.99,0.9,6-5
1019,30,Мичил,400-200,46.75-46.99,0.9,5-4
1020,30,Мичил,400-200,46.75-46.99,0.9,4-3.4
1021,30,Мичил,400-200,46.75-46.99,0.9,0.30-0.39
1022,30,Мичил,400-200,46.75-46.99,0.9,0.40-0.49
1023,30,Мичил,400-200,46.75-46.99,0.9,0.50-0.59
1024,30,Мичил,400-200,46.75-46.99,0.9,0.60-0.69
1025,30,Мичил,400-200,46.75-46.99,0.9,0.70-0.79
1026,30,Мичил,400-200,46.75-46.99,0.9,0.80-0.89
1027,30,Мичил,400-200,46.75-46.99,0.9,0.90-0.99
1028,30,Мичил,400-200,46.75-46.99,0.9,1.00-1.24
1029,30,Мичил,400-200,46.75-46.99,0.9,1.25-1.49
1030,30,Мичил,400-200,46.75-46.99,0.9,1.50-1.74
1031,30,Мичил,400-200,46.75-46.99,0.9,1.75-1.99
1032,30,Мичил,400-200,46.75-46.99,0.9,2.00-2.24
1033,30,Мичил,400-200,46.75-46.99,0.9,2.25-2.49
1034,30,Мичил,400-200,46.75-46.99,0.9,2.50-2.74
1035,30,Мичил,400-200,46.75-46.99,0.9,2.75-2.99
1036,30,Мичил,400-200,46.75-46.99,0.9,3.00-3.24
1037,30,Мичил,400-200,46.75-46.99,0.9,3.25-3.49
1038,30,Мичил,400-200,46.75-46.99,0.9,3.50-3.74
1039,30,Мичил,400-200,46.75-46.99,0.9,3.75-3.99
1040,30,Мичил,400-200,46.75-46.99,0.9,4.00-4.24
1041,30,Мичил,400-200,46.75-46.99,0.9,4.25-4.49
1042,30,Мичил,400-200,46.75-46.99,0.9,4.50-4.74
1043,30,Мичил,400-200,46.75-46.99,0.9,4.75-4.99
1044,30,Мичил,400-200,46.75-46.99,0.9,5.00-5.24
1045,30,Мичил,400-200,46.75-46.99,0.9,5.25-5.49
1046,30,Мичил,400-200,46.75-46.99,0.9,5.50-5.74
1047,30,Мичил,400-200,46.75-46.99,0.9,5.75-5.99
1048,30,Мичил,400-200,46.75-46.99,0.9,6.00-6.24
1049,30,Мичил,400-200,46.75-46.99,0.9,6.25-6.49
1050,30,Мичил,400-200,46.75-46.99,0.9,6.50-6.74
1051,30,Мичил,400-200,46.75-46.99,0.9,6.75-6.99
1052,30,Мичил,400-200,46.75-46.99,0.9,7.00-7.24
1053,30,Мичил,400-200,46.75-46.99,0.9,7.25-7.49
1054,30,Мичил,400-200,46.75-46.99,0.9,7.50-7.74
1055,30,Мичил,400-200,46.75-46.99,0.9,7.75-7.99
1056,30,Мичил,400-200,46.75-46.99,0.9,8.00-8.24
1057,30,Мичил,400-200,46.75-46.99,0.9,8.25-8.49
1058,30,Мичил,400-200,46.75-46.99,0.9,8.50-8.74
1059,30,Мичил,400-200,46.75-46.99,0.9,8.75-8.99
1060,30,Мичил,400-200,46.75-46.99,0.9,9.00-9.24
1061,30,Мичил,400-200,46.75-46.99,0.9,9.25-9.49
1062,30,Мичил,400-200,46.75-46.99,0.9,9.50-9.74
1063,30,Мичил,400-200,46.75-46.99,0.9,9.75-9.99
1064,30,Мичил,400-200,46.75-46.99,0.9,10.00-10.24
1065,30,Мичил,400-200,46.75-46.99,0.9,10.25-10.49
1066,30,Мичил,400-200,46.75-46.99,0.9,10.50-10.74
1067,30,Мичил,400-200,46.75-46.99,0.9,10.75-10.99
1068,30,Мичил,400-200,46.75-46.99,0.9,11.00-11.24
1069,30,Мичил,400-200,46.75-46.99,0.9,11.25-11.49
1070,30,Мичил,400-200,46.75-46.99,0.9,11.50-11.74
1071,30,Мичил,400-200,46.75-46.99,0.9,11.75-11.99
1072,30,Мичил,400-200,46.75-46.99,0.9,12.00-12.24
1073,30,Мичил,400-200,46.75-46.99,0.9,12.25-12.49
1074,30,Мичил,400-200,46.75-46.99,0.9,12.50-12.74
1075,30,Мичил,400-200,46.75-46.99,0.9,12.75-12.99
1076,30,Мичил,400-200,46.75-46.99,0.9,13.00-13.24
1077,30,Мичил,400-200,46.75-46.99,0.9,13.25-13.49
1078,30,Мичил,400-200,46.75-46.99,0.9,13.50-13.74
1079,30,Мичил,400-200,46.75-46.99,0.9,13.75-13.99
1080,30,Мичил,400-200,46.75-46.99,0.9,14.00-14.24
1081,30,Мичил,400-200,46.75-46.99,0.9,14.25-14.49
1082,30,Мичил,400-200,46.75-46.99,0.9,14.50-14.74
1083,30,Мичил,400-200,46.75-46.99,0.9,14.75-14.99
1084,30,Мичил,400-200,46.75-46.99,0.9,15.00-15.24
1085,30,Мичил,400-200,46.75-46.99,0.9,15.25-15.49
1086,30,Мичил,400-200,46.75-46.99,0.9,15.50-15.74
1087,30,Мичил,400-200,46.75-46.99,0.9,15.75-15.99
1088,30,Мичил,400-200,46.75-46.99,0.9,16.00-16.24
1089,30,Мичил,400-200,46.75-46.99,0.9,16.25-16.49
1090,30,Мичил,400-200,46.75-46.99,0.9,16.50-16.74
1091,30,Мичил,400-200,46.75-46.99,0.9,16.75-16.99
1092,30,Мичил,400-200,46.75-46.99,0.9,17.00-17.24
1093,30,Мичил,400-200,46.75-46.99,0.9,17.25-17.49
1094,30,Мичил,400-200,46.75-46.99,0.9,17.50-17.74
1095,30,Мичил,400-200,46.75-46.99,0.9,17.75-17.99
1096,30,Мичил,400-200,46.75-46.99,0.9,18.00-18.24
1097,30,Мичил,400-200,46.75-46.99,0.9,18.25-18.49
1098,30,Мичил,400-200,46.75-46.99,0.9,18.50-18.74
1099,30,Мичил,400-200,46.75-46.99,0.9,18.75-18.99
1100,30,Мичил,400-200,46.75-46.99,0.9,19.00-19.24
1101,30,Мичил,400-200,46.75-46.99,0.9,19.25-19.49
1102,30,Мичил,400-200,46.75-46.99,0.9,19.50-19.74
1103,30,Мичил,400-200,46.75-46.99,0.9,19.75-19.99
1104,30,Мичил,400-200,46.75-46.99,0.9,20.00-20.24
1105,30,Мичил,400-200,46.75-46.99,0.9,20.25-20.49
1106,30,Мичил,400-200,46.75-46.99,0.9,20.50-20.74
1107,30,Мичил,400-200,46.75-46.99,0.9,20.75-20.99
1108,30,Мичил,400-200,46.75-46.99,0.9,21.00-21.24
1109,30,Мичил,400-200,46.75-46.99,0.9,21.25-21.49
1110,30,Мичил,400-200,46.75-46.99,0.9,21.50-21.74
1111,30,Мичил,400-200,46.75-46.99,0.9,21.75-21.99
1112,30,Мичил,400-200,46.75-46.99,0.9,22.00-22.24
1113,30,Мичил,400-200,46.75-46.99,0.9,22.25-22.49
1114,30,Мичил,400-200,46.75-46.99,0.9,22.50-22.74
1115,30,Мичил,400-200,46.75-46.99,0.9,22.75-22.99
1116,30,Мичил,400-200,46.75-46.99,0.9,23.00-23.24
1117,30,Мичил,400-200,46.75-46.99,0.9,23.25-23.49
1118,30,Мичил,400-200,46.75-46.99,0.9,23.50-23.74
1119,30,Мичил,400-200,46.75-46.99,0.9,23.75-23.99
1120,30,Мичил,400-200,46.75-46.99,0.9,24.00-24.24
1121,30,Мичил,400-200,46.75-46.99,0.9,24.25-24.49
1122,30,Мичил,400-200,46.75-46.99,0.9,24.50-24.74
1123,30,Мичил,400-200,46.75-46.99,0.9,24.75-24.99
1124,30,Мичил,400-200,46.75-46.99,0.9,25.00-25.24
1125,30,Мичил,400-200,46.75-46.99,0.9,25.25-25.49
1126,30,Мичил,400-200,46.75-46.99,0.9,25.50-25.74
1127,30,Мичил,400-200,46.75-46.99,0.9,25.75-25.99
1128,30,Мичил,400-200,46.75-46.99,0.9,26.00-26.24
1129,30,Мичил,400-200,46.75-46.99,0.9,26.25-26.49
1130,30,Мичил,400-200,46.75-46.99,0.9,26.50-26.74
1131,30,Мичил,400-200,46.75-46.99,0.9,26.75-26.99
1132,30,Мичил,400-200,46.75-46.99,0.9,27.00-27.24
1133,30,Мичил,400-200,46.75-46.99,0.9,27.25-27.49
1134,30,Мичил,400-200,46.75-46.99,0.9,27.50-27.74
1135,30,Мичил,400-200,46.75-46.99,0.9,27.75-27.99
1136,30,Мичил,400-200,46.75-46.99,0.9,28.00-28.24
1137,30,Мичил,400-200,46.75-46.99,0.9,28.25-28.49
1138,30,Мичил,400-200,46.75-46.99,0.9,28.50-28.74
1139,30,Мичил,400-200,46.75-46.99,0.9,28.75-28.99
1140,30,Мичил,400-200,46.75-46.99,0.9,29.00-29.24
1141,30,Мичил,400-200,46.75-46.99,0.9,29.25-29.49
1142,30,Мичил,400-200,46.75-46.99,0.9,29.50-29.74
1143,30,Мичил,400-200,46.75-46.99,0.9,29.75-29.99
1144,30,Мичил,400-200,46.75-46.99,0.9,30.00-30.24
1145,30,Мичил,400-200,46.75-46.99,0.9,30.25-30.49
1146,30,Мичил,400-200,46.75-46.99,0.9,30.50-30.74
1147,30,Мичил,400-200,46.75-46.99,0.9,30.75-30.99
1148,30,Мичил,400-200,46.75-46.99,0.9,31.00-31.24
1149,30,Мичил,400-200,46.75-46.99,0.9,31.25-31.49
1150,30,Мичил,400-200,46.75-46.99,0.9,31.50-31.74
1151,30,Мичил,400-200,46.75-46.99,0.9,31.75-31.99
1152,30,Мичил,400-200,46.75-46.99,0.9,32.00-32.24
1153,30,Мичил,400-200,46.75-46.99,0.9,32.25-32.49
1154,30,Мичил,400-200,46.75-46.99,0.9,32.50-32.74
1155,30,Мичил,400-200,46.75-46.99,0.9,32.75-32.99
1156,30,Мичил,400-200,46.75-46.99,0.9,33.00-33.24
1157,30,Мичил,400-200,46.75-46.99,0.9,33.25-33.49
1158,30,Мичил,400-200,46.75-46.99,0.9,33.50-33.74
1159,30,Мичил,400-200,46.75-46.99,0.9,33.75-33.99
1160,30,Мичил,400-200,46.75-46.99,0.9,34.00-34.24
1161,30,Мичил,400-200,46.75-46.99,0.9,34.25-34.49
1162,30,Мичил,400-200,46.75-46.99,0.9,34.50-34.74
1163,30,Мичил,400-200,46.75-46.99,0.9,34.75-34.99
1164,30,Мичил,400-200,46.75-46.99,0.9,35.00-35.24
1165,30,Мичил,400-200,46.75-46.99,0.9,35.25-35.49
1166,30,Мичил,400-200,46.75-46.99,0.9,35.50-35.74
1167,30,Мичил,400-200,46.75-46.99,0.9,35.75-35.99
1168,30,Мичил,400-200,46.75-46.99,0.9,36.00-36.24
1169,30,Мичил,400-200,46.75-46.99,0.9,36.25-36.49
1170,30,Мичил,400-200,46.75-46.99,0.9,36.50-36.74
1171,30,Мичил,400-200,46.75-46.99,0.9,36.75-36.99
1172,30,Мичил,400-200,46.75-46.99,0.9,37.00-37.24
1173,30,Мичил,400-200,46.75-46.99,0.9,37.25-37.49
1174,30,Мичил,400-200,46.75-46.99,0.9,37.50-37.74
1175,30,Мичил,400-200,46.75-46.99,0.9,37.75-37.99
1176,30,Мичил,400-200,46.75-46.99,0.9,38.00-38.24
1177,30,Мичил,400-200,46.75-46.99,0.9,38.25-38.49
1178,30,Мичил,400-200,46.75-46.99,0.9,38.50-38.74
1179,30,Мичил,400-200,46.75-46.99,0.9,38.75-38.99
1180,30,Мичил,400-200,46.75-46.99,0.9,39.00-39.24
1181,30,Мичил,400-200,46.75-46.99,0.9,39.25-39.49
1182,30,Мичил,400-200,46.75-46.99,0.9,39.50-39.74
1183,30,Мичил,400-200,46.75-46.99,0.9,39.75-39.99
1184,30,Мичил,400-200,46.75-46.99,0.9,40.00-40.24
1185,30,Мичил,400-200,46.75-46.99,0.9,40.25-40.49
1186,30,Мичил,400-200,46.75-46.99,0.9,40.50-40.74
1187,30,Мичил,400-200,46.75-46.99,0.9,40.75-40.99
1188,30,Мичил,400-200,46.75-46.99,0.9,41.00-41.24
1189,30,Мичил,400-200,46.75-46.99,0.9,41.25-41.49
1190,30,Мичил,400-200,46.75-46.99,0.9,41.50-41.74
1191,30,Мичил,400-200,46.75-46.99,0.9,41.75-41.99
1192,30,Мичил,400-200,46.75-46.99,0.9,42.00-42.24
1193,30,Мичил,400-200,46.75-46.99,0.9,42.25-42.49
1194,30,Мичил,400-200,46.75-46.99,0.9,42.50-42.74
1195,30,Мичил,400-200,46.75-46.99,0.9,42.75-42.99
1196,30,Мичил,400-200,46.75-46.99,0.9,43.00-43.24
1197,30,Мичил,400-200,46.75-46.99,0.9,43.25-43.49
1198,30,Мичил,400-200,46.75-46.99,0.9,43.50-43.74
1199,30,Мичил,400-200,46.75-46.99,0.9,43.75-43.99
1200,30,Мичил,400-200,46.75-46.99,0.9,44.00-44.24
1201,30,Мичил,400-200,46.75-46.99,0.9,44.25-44.49
1202,30,Мичил,400-200,46.75-46.99,0.9,44.50-44.74
1203,30,Мичил,400-200,46.75-46.99,0.9,44.75-44.99
1204,30,Мичил,400-200,46.75-46.99,0.9,45.00-45.24
1205,30,Мичил,400-200,46.75-46.99,0.9,45.25-45.49
1206,30,Мичил,400-200,46.75-46.99,0.9,45.50-45.74
1207,30,Мичил,400-200,46.75-46.99,0.9,45.75-45.99
1208,30,Мичил,400-200,46.75-46.99,0.9,46.00-46.24
1209,30,Мичил,400-200,46.75-46.99,0.9,46.25-46.49
1210,30,Мичил,400-200,46.75-46.99,0.9,46.50-46.74
1211,30,Мичил,400-200,46.75-46.99,0.9,46.75-46.99
1212,31,Тускул,400-200,46.75-46.99,0.9,400-200
1213,31,Тускул,400-200,46.75-46.99,0.9,200-120
1214,31,Тускул,400-200,46.75-46.99,0.9,120-90
1215,31,Тускул,400-200,46.75-46.99,0.9,90-60
1216,31,Тускул,400-200,46.75-46.99,0.9,60-40
1217,31,Тускул,400-200,46.75-46.99,0.9,40-30
1218,31,Тускул,400-200,46.75-46.99,0.9,30-25
1219,31,Тускул,400-200,46.75-46.99,0.9,25-20
1220,31,Тускул,400-200,46.75-46.99,0.9,20-15
1221,31,Тускул,400-200,46.75-46.99,0.9,15-10
1222,31,Тускул,400-200,46.75-46.99,0.9,10-7
1223,31,Тускул,400-200,46.75-46.99,0.9,7-6
1224,31,Тускул,400-200,46.75-46.99,0.9,6-5
1225,31,Тускул,400-200,46.75-46.99,0.9,5-4
1226,31,Тускул,400-200,46.75-46.99,0.9,4-3.4
1227,31,Тускул,400-200,46.75-46.99,0.9,0.30-0.39
1228,31,Тускул,400-200,46.75-46.99,0.9,0.40-0.49
1229,31,Тускул,400-200,46.75-46.99,0.9,0.50-0.59
1230,31,Тускул,400-200,46.75-46.99,0.9,0.60-0.69
1231,31,Тускул,400-200,46.75-46.99,0.9,0.70-0.79
1232,31,Тускул,400-200,46.75-46.99,0.9,0.80-0.89
1233,31,Тускул,400-200,46.75-46.99,0.9,0.90-0.99
1234,31,Тускул,400-200,46.75-46.99,0.9,1.00-1.24
1235,31,Тускул,400-200,46.75-46.99,0.9,1.25-1.49
1236,31,Тускул,400-200,46.75-46.99,0.9,1.50-1.74
1237,31,Тускул,400-200,46.75-46.99,0.9,1.75-1.99
1238,31,Тускул,400-200,46.75-46.99,0.9,2.00-2.24
1239,31,Тускул,400-200,46.75-46.99,0.9,2.25-2.49
1240,31,Тускул,400-200,46.75-46.99,0.9,2.50-2.74
1241,31,Тускул,400-200,46.75-46.99,0.9,2.75-2.99
1242,31,Тускул,400-200,46.75-46.99,0.9,3.00-3.24
1243,31,Тускул,400-200,46.75-46.99,0.9,3.25-3.49
1244,31,Тускул,400-200,46.75-46.99,0.9,3.50-3.74
1245,31,Тускул,400-200,46.75-46.99,0.9,3.75-3.99
1246,31,Тускул,400-200,46.75-46.99,0.9,4.00-4.24
1247,31,Тускул,400-200,46.75-46.99,0.9,4.25-4.49
1248,31,Тускул,400-200,46.75-46.99,0.9,4.50-4.74
1249,31,Тускул,400-200,46.75-46.99,0.9,4.75-4.99
1250,31,Тускул,400-200,46.75-46.99,0.9,5.00-5.24
1251,31,Тускул,400-200,46.75-46.99,0.9,5.25-5.49
1252,31,Тускул,400-200,46.75-46.99,0.9,5.50-5.74
1253,31,Тускул,400-200,46.75-46.99,0.9,5.75-5.99
1254,31,Тускул,400-200,46.75-46.99,0.9,6.00-6.24
1255,31,Тускул,400-200,46.75-46.99,0.9,6.25-6.49
1256,31,Тускул,400-200,46.75-46.99,0.9,6.50-6.74
1257,31,Тускул,400-200,46.75-46.99,0.9,6.75-6.99
1258,31,Тускул,400-200,46.75-46.99,0.9,7.00-7.24
1259,31,Тускул,400-200,46.75-46.99,0.9,7.25-7.49
1260,31,Тускул,400-200,46.75-46.99,0.9,7.50-7.74
1261,31,Тускул,400-200,46.75-46.99,0.9,7.75-7.99
1262,31,Тускул,400-200,46.75-46.99,0.9,8.00-8.24
1263,31,Тускул,400-200,46.75-46.99,0.9,8.25-8.49
1264,31,Тускул,400-200,46.75-46.99,0.9,8.50-8.74
1265,31,Тускул,400-200,46.75-46.99,0.9,8.75-8.99
1266,31,Тускул,400-200,46.75-46.99,0.9,9.00-9.24
1267,31,Тускул,400-200,46.75-46.99,0.9,9.25-9.49
1268,31,Тускул,400-200,46.75-46.99,0.9,9.50-9.74
1269,31,Тускул,400-200,46.75-46.99,0.9,9.75-9.99
1270,31,Тускул,400-200,46.75-46.99,0.9,10.00-10.24
1271,31,Тускул,400-200,46.75-46.99,0.9,10.25-10.49
1272,31,Тускул,400-200,46.75-46.99,0.9,10.50-10.74
1273,31,Тускул,400-200,46.75-46.99,0.9,10.75-10.99
1274,31,Тускул,400-200,46.75-46.99,0.9,11.00-11.24
1275,31,Тускул,400-200,46.75-46.99,0.9,11.25-11.49
1276,31,Тускул,400-200,46.75-46.99,0.9,11.50-11.74
1277,31,Тускул,400-200,46.75-46.99,0.9,11.75-11.99
1278,31,Тускул,400-200,46.75-46.99,0.9,12.00-12.24
1279,31,Тускул,400-200,46.75-46.99,0.9,12.25-12.49
1280,31,Тускул,400-200,46.75-46.99,0.9,12.50-12.74
1281,31,Тускул,400-200,46.75-46.99,0.9,12.75-12.99
1282,31,Тускул,400-200,46.75-46.99,0.9,13.00-13.24
1283,31,Тускул,400-200,46.75-46.99,0.9,13.25-13.49
1284,31,Тускул,400-200,46.75-46.99,0.9,13.50-13.74
1285,31,Тускул,400-200,46.75-46.99,0.9,13.75-13.99
1286,31,Тускул,400-200,46.75-46.99,0.9,14.00-14.24
1287,31,Тускул,400-200,46.75-46.99,0.9,14.25-14.49
1288,31,Тускул,400-200,46.75-46.99,0.9,14.50-14.74
1289,31,Тускул,400-200,46.75-46.99,0.9,14.75-14.99
1290,31,Тускул,400-200,46.75-46.99,0.9,15.00-15.24
1291,31,Тускул,400-200,46.75-46.99,0.9,15.25-15.49
1292,31,Тускул,400-200,46.75-46.99,0.9,15.50-15.74
1293,31,Тускул,400-200,46.75-46.99,0.9,15.75-15.99
1294,31,Тускул,400-200,46.75-46.99,0.9,16.00-16.24
1295,31,Тускул,400-200,46.75-46.99,0.9,16.25-16.49
1296,31,Тускул,400-200,46.75-46.99,0.9,16.50-16.74
1297,31,Тускул,400-200,46.75-46.99,0.9,16.75-16.99
1298,31,Тускул,400-200,46.75-46.99,0.9,17.00-17.24
1299,31,Тускул,400-200,46.75-46.99,0.9,17.25-17.49
1300,31,Тускул,400-200,46.75-46.99,0.9,17.50-17.74
1301,31,Тускул,400-200,46.75-46.99,0.9,17.75-17.99
1302,31,Тускул,400-200,46.75-46.99,0.9,18.00-18.24
1303,31,Тускул,400-200,46.75-46.99,0.9,18.25-18.49
1304,31,Тускул,400-200,46.75-46.99,0.9,18.50-18.74
1305,31,Тускул,400-200,46.75-46.99,0.9,18.75-18.99
1306,31,Тускул,400-200,46.75-46.99,0.9,19.00-19.24
1307,31,Тускул,400-200,46.75-46.99,0.9,19.25-19.49
1308,31,Тускул,400-200,46.75-46.99,0.9,19.50-19.74
1309,31,Тускул,400-200,46.75-46.99,0.9,19.75-19.99
1310,31,Тускул,400-200,46.75-46.99,0.9,20.00-20.24
1311,31,Тускул,400-200,46.75-46.99,0.9,20.25-20.49
1312,31,Тускул,400-200,46.75-46.99,0.9,20.50-20.74
1313,31,Тускул,400-200,46.75-46.99,0.9,20.75-20.99
1314,31,Тускул,400-200,46.75-46.99,0.9,21.00-21.24
1315,31,Тускул,400-200,46.75-46.99,0.9,21.25-21.49
1316,31,Тускул,400-200,46.75-46.99,0.9,21.50-21.74
1317,31,Тускул,400-200,46.75-46.99,0.9,21.75-21.99
1318,31,Тускул,400-200,46.75-46.99,0.9,22.00-22.24
1319,31,Тускул,400-200,46.75-46.99,0.9,22.25-22.49
1320,31,Тускул,400-200,46.75-46.99,0.9,22.50-22.74
1321,31,Тускул,400-200,46.75-46.99,0.9,22.75-22.99
1322,31,Тускул,400-200,46.75-46.99,0.9,23.00-23.24
1323,31,Тускул,400-200,46.75-46.99,0.9,23.25-23.49
1324,31,Тускул,400-200,46.75-46.99,0.9,23.50-23.74
1325,31,Тускул,400-200,46.75-46.99,0.9,23.75-23.99
1326,31,Тускул,400-200,46.75-46.99,0.9,24.00-24.24
1327,31,Тускул,400-200,46.75-46.99,0.9,24.25-24.49
1328,31,Тускул,400-200,46.75-46.99,0.9,24.50-24.74
1329,31,Тускул,400-200,46.75-46.99,0.9,24.75-24.99
1330,31,Тускул,400-200,46.75-46.99,0.9,25.00-25.24
1331,31,Тускул,400-200,46.75-46.99,0.9,25.25-25.49
1332,31,Тускул,400-200,46.75-46.99,0.9,25.50-25.74
1333,31,Тускул,400-200,46.75-46.99,0.9,25.75-25.99
1334,31,Тускул,400-200,46.75-46.99,0.9,26.00-26.24
1335,31,Тускул,400-200,46.75-46.99,0.9,26.25-26.49
1336,31,Тускул,400-200,46.75-46.99,0.9,26.50-26.74
1337,31,Тускул,400-200,46.75-46.99,0.9,26.75-26.99
1338,31,Тускул,400-200,46.75-46.99,0.9,27.00-27.24
1339,31,Тускул,400-200,46.75-46.99,0.9,27.25-27.49
1340,31,Тускул,400-200,46.75-46.99,0.9,27.50-27.74
1341,31,Тускул,400-200,46.75-46.99,0.9,27.75-27.99
1342,31,Тускул,400-200,46.75-46.99,0.9,28.00-28.24
1343,31,Тускул,400-200,46.75-46.99,0.9,28.25-28.49
1344,31,Тускул,400-200,46.75-46.99,0.9,28.50-28.74
1345,31,Тускул,400-200,46.75-46.99,0.9,28.75-28.99
1346,31,Тускул,400-200,46.75-46.99,0.9,29.00-29.24
1347,31,Тускул,400-200,46.75-46.99,0.9,29.25-29.49
1348,31,Тускул,400-200,46.75-46.99,0.9,29.50-29.74
1349,31,Тускул,400-200,46.75-46.99,0.9,29.75-29.99
1350,31,Тускул,400-200,46.75-46.99,0.9,30.00-30.24
1351,31,Тускул,400-200,46.75-46.99,0.9,30.25-30.49
1352,31,Тускул,400-200,46.75-46.99,0.9,30.50-30.74
1353,31,Тускул,400-200,46.75-46.99,0.9,30.75-30.99
1354,31,Тускул,400-200,46.75-46.99,0.9,31.00-31.24
1355,31,Тускул,400-200,46.75-46.99,0.9,31.25-31.49
1356,31,Тускул,400-200,46.75-46.99,0.9,31.50-31.74
1357,31,Тускул,400-200,46.75-46.99,0.9,31.75-31.99
1358,31,Тускул,400-200,46.75-46.99,0.9,32.00-32.24
1359,31,Тускул,400-200,46.75-46.99,0.9,32.25-32.49
1360,31,Тускул,400-200,46.75-46.99,0.9,32.50-32.74
1361,31,Тускул,400-200,46.75-46.99,0.9,32.75-32.99
1362,31,Тускул,400-200,46.75-46.99,0.9,33.00-33.24
1363,31,Тускул,400-200,46.75-46.99,0.9,33.25-33.49
1364,31,Тускул,400-200,46.75-46.99,0.9,33.50-33.74
1365,31,Тускул,400-200,46.75-46.99,0.9,33.75-33.99
1366,31,Тускул,400-200,46.75-46.99,0.9,34.00-34.24
1367,31,Тускул,400-200,46.75-46.99,0.9,34.25-34.49
1368,31,Тускул,400-200,46.75-46.99,0.9,34.50-34.74
1369,31,Тускул,400-200,46.75-46.99,0.9,34.75-34.99
1370,31,Тускул,400-200,46.75-46.99,0.9,35.00-35.24
1371,31,Тускул,400-200,46.75-46.99,0.9,35.25-35.49
1372,31,Тускул,400-200,46.75-46.99,0.9,35.50-35.74
1373,31,Тускул,400-200,46.75-46.99,0.9,35.75-35.99
1374,31,Тускул,400-200,46.75-46.99,0.9,36.00-36.24
1375,31,Тускул,400-200,46.75-46.99,0.9,36.25-36.49
1376,31,Тускул,400-200,46.75-46.99,0.9,36.50-36.74
1377,31,Тускул,400-200,46.75-46.99,0.9,36.75-36.99
1378,31,Тускул,400-200,46.75-46.99,0.9,37.00-37.24
1379,31,Тускул,400-200,46.75-46.99,0.9,37.25-37.49
1380,31,Тускул,400-200,46.75-46.99,0.9,37.50-37.74
1381,31,Тускул,400-200,46.75-46.99,0.9,37.75-37.99
1382,31,Тускул,400-200,46.75-46.99,0.9,38.00-38.24
1383,31,Тускул,400-200,46.75-46.99,0.9,38.25-38.49
1384,31,Тускул,400-200,46.75-46.99,0.9,38.50-38.74
1385,31,Тускул,400-200,46.75-46.99,0.9,38.75-38.99
1386,31,Тускул,400-200,46.75-46.99,0.9,39.00-39.24
1387,31,Тускул,400-200,46.75-46.99,0.9,39.25-39.49
1388,31,Тускул,400-200,46.75-46.99,0.9,39.50-39.74
1389,31,Тускул,400-200,46.75-46.99,0.9,39.75-39.99
1390,31,Тускул,400-200,46.75-46.99,0.9,40.00-40.24
1391,31,Тускул,400-200,46.75-46.99,0.9,40.25-40.49
1392,31,Тускул,400-200,46.75-46.99,0.9,40.50-40.74
1393,31,Тускул,400-200,46.75-46.99,0.9,40.75-40.99
1394,31,Тускул,400-200,46.75-46.99,0.9,41.00-41.24
1395,31,Тускул,400-200,46.75-46.99,0.9,41.25-41.49
1396,31,Тускул,400-200,46.75-46.99,0.9,41.50-41.74
1397,31,Тускул,400-200,46.75-46.99,0.9,41.75-41.99
1398,31,Тускул,400-200,46.75-46.99,0.9,42.00-42.24
1399,31,Тускул,400-200,46.75-46.99,0.9,42.25-42.49
1400,31,Тускул,400-200,46.75-46.99,0.9,42.50-42.74
1401,31,Тускул,400-200,46.75-46.99,0.9,42.75-42.99
1402,31,Тускул,400-200,46.75-46.99,0.9,43.00-43.24
1403,31,Тускул,400-200,46.75-46.99,0.9,43.25-43.49
1404,31,Тускул,400-200,46.75-46.99,0.9,43.50-43.74
1405,31,Тускул,400-200,46.75-46.99,0.9,43.75-43.99
1406,31,Тускул,400-200,46.75-46.99,0.9,44.00-44.24
1407,31,Тускул,400-200,46.75-46.99,0.9,44.25-44.49
1408,31,Тускул,400-200,46.75-46.99,0.9,44.50-44.74
1409,31,Тускул,400-200,46.75-46.99,0.9,44.75-44.99
1410,31,Тускул,400-200,46.75-46.99,0.9,45.00-45.24
1411,31,Тускул,400-200,46.75-46.99,0.9,45.25-45.49
1412,31,Тускул,400-200,46.75-46.99,0.9,45.50-45.74
1413,31,Тускул,400-200,46.75-46.99,0.9,45.75-45.99
1414,31,Тускул,400-200,46.75-46.99,0.9,46.00-46.24
1415,31,Тускул,400-200,46.75-46.99,0.9,46.25-46.49
1416,31,Тускул,400-200,46.75-46.99,0.9,46.50-46.74
1417,31,Тускул,400-200,46.75-46.99,0.9,46.75-46.99
1418,32,Сердце,400-200,4.0-3.3,0.65,400-200
1419,32,Сердце,400-200,4.0-3.3,0.65,200-120
1420,32,Сердце,400-200,4.0-3.3,0.65,120-90
1421,32,Сердце,400-200,4.0-3.3,0.65,90-60
1422,32,Сердце,400-200,4.0-3.3,0.65,60-40
1423,32,Сердце,400-200,4.0-3.3,0.65,40-30
1424,32,Сердце,400-200,4.0-3.3,0.65,30-25
1425,32,Сердце,400-200,4.0-3.3,0.65,25-20
1426,32,Сердце,400-200,4.0-3.3,0.65,20-15
1427,32,Сердце,400-200,4.0-3.3,0.65,15-10
1428,32,Сердце,400-200,4.0-3.3,0.65,10-7
1429,32,Сердце,400-200,4.0-3.3,0.65,7-6
1430,32,Сердце,400-200,4.0-3.3,0.65,6-5
1431,32,Сердце,400-200,4.0-3.3,0.65,5-4
1432,32,Сердце,400-200,4.0-3.3,0.65,4-3.4
1433,33,Сердце,0.30-0.39,46.75-46.99,0.6,0.30-0.39
1434,33,Сердце,0.30-0.39,46.75-46.99,0.6,0.40-0.49
1435,33,Сердце,0.30-0.39,46.75-46.99,0.6,0.50-0.59
1436,33,Сердце,0.30-0.39,46.75-46.99,0.6,0.60-0.69
1437,33,Сердце,0.30-0.39,46.75-46.99,0.6,0.70-0.79
1438,33,Сердце,0.30-0.39,46.75-46.99,0.6,0.80-0.89
1439,33,Сердце,0.30-0.39,46.75-46.99,0.6,0.90-0.99
1440,33,Сердце,0.30-0.39,46.75-46.99,0.6,1.00-1.24
1441,33,Сердце,0.30-0.39,46.75-46.99,0.6,1.25-1.49
1442,33,Сердце,0.30-0.39,46.75-46.99,0.6,1.50-1.74
1443,33,Сердце,0.30-0.39,46.75-46.99,0.6,1.75-1.99
1444,33,Сердце,0.30-0.39,46.75-46.99,0.6,2.00-2.24
1445,33,Сердце,0.30-0.39,46.75-46.99,0.6,2.25-2.49
1446,33,Сердце,0.30-0.39,46.75-46.99,0.6,2.50-2.74
1447,33,Сердце,0.30-0.39,46.75-46.99,0.6,2.75-2.99
1448,33,Сердце,0.30-0.39,46.75-46.99,0.6,3.00-3.24
1449,33,Сердце,0.30-0.39,46.75-46.99,0.6,3.25-3.49
1450,33,Сердце,0.30-0.39,46.75-46.99,0.6,3.50-3.74
1451,33,Сердце,0.30-0.39,46.75-46.99,0.6,3.75-3.99
1452,33,Сердце,0.30-0.39,46.75-46.99,0.6,4.00-4.24
1453,33,Сердце,0.30-0.39,46.75-46.99,0.6,4.25-4.49
1454,33,Сердце,0.30-0.39,46.75-46.99,0.6,4.50-4.74
1455,33,Сердце,0.30-0.39,46.75-46.99,0.6,4.75-4.99
1456,33,Сердце,0.30-0.39,46.75-46.99,0.6,5.00-5.24
1457,33,Сердце,0.30-0.39,46.75-46.99,0.6,5.25-5.49
1458,33,Сердце,0.30-0.39,46.75-46.99,0.6,5.50-5.74
1459,33,Сердце,0.30-0.39,46.75-46.99,0.6,5.75-5.99
1460,33,Сердце,0.30-0.39,46.75-46.99,0.6,6.00-6.24
1461,33,Сердце,0.30-0.39,46.75-46.99,0.6,6.25-6.49
1462,33,Сердце,0.30-0.39,46.75-46.99,0.6,6.50-6.74
1463,33,Сердце,0.30-0.39,46.75-46.99,0.6,6.75-6.99
1464,33,Сердце,0.30-0.39,46.75-46.99,0.6,7.00-7.24
1465,33,Сердце,0.30-0.39,46.75-46.99,0.6,7.25-7.49
1466,33,Сердце,0.30-0.39,46.75-46.99,0.6,7.50-7.74
1467,33,Сердце,0.30-0.39,46.75-46.99,0.6,7.75-7.99
1468,33,Сердце,0.30-0.39,46.75-46.99,0.6,8.00-8.24
1469,33,Сердце,0.30-0.39,46.75-46.99,0.6,8.25-8.49
1470,33,Сердце,0.30-0.39,46.75-46.99,0.6,8.50-8.74
1471,33,Сердце,0.30-0.39,46.75-46.99,0.6,8.75-8.99
1472,33,Сердце,0.30-0.39,46.75-46.99,0.6,9.00-9.24
1473,33,Сердце,0.30-0.39,46.75-46.99,0.6,9.25-9.49
1474,33,Сердце,0.30-0.39,46.75-46.99,0.6,9.50-9.74
1475,33,Сердце,0.30-0.39,46.75-46.99,0.6,9.75-9.99
1476,33,Сердце,0.30-0.39,46.75-46.99,0.6,10.00-10.24
1477,33,Сердце,0.30-0.39,46.75-46.99,0.6,10.25-10.49
1478,33,Сердце,0.30-0.39,46.75-46.99,0.6,10.50-10.74
1479,33,Сердце,0.30-0.39,46.75-46.99,0.6,10.75-10.99
1480,33,Сердце,0.30-0.39,46.75-46.99,0.6,11.00-11.24
1481,33,Сердце,0.30-0.39,46.75-46.99,0.6,11.25-11.49
1482,33,Сердце,0.30-0.39,46.75-46.99,0.6,11.50-11.74
1483,33,Сердце,0.30-0.39,46.75-46.99,0.6,11.75-11.99
1484,33,Сердце,0.30-0.39,46.75-46.99,0.6,12.00-12.24
1485,33,Сердце,0.30-0.39,46.75-46.99,0.6,12.25-12.49
1486,33,Сердце,0.30-0.39,46.75-46.99,0.6,12.50-12.74
1487,33,Сердце,0.30-0.39,46.75-46.99,0.6,12.75-12.99
1488,33,Сердце,0.30-0.39,46.75-46.99,0.6,13.00-13.24
1489,33,Сердце,0.30-0.39,46.75-46.99,0.6,13.25-13.49
1490,33,Сердце,0.30-0.39,46.75-46.99,0.6,13.50-13.74
1491,33,Сердце,0.30-0.39,46.75-46.99,0.6,13.75-13.99
1492,33,Сердце,0.30-0.39,46.75-46.99,0.6,14.00-14.24
1493,33,Сердце,0.30-0.39,46.75-46.99,0.6,14.25-14.49
1494,33,Сердце,0.30-0.39,46.75-46.99,0.6,14.50-14.74
1495,33,Сердце,0.30-0.39,46.75-46.99,0.6,14.75-14.99
1496,33,Сердце,0.30-0.39,46.75-46.99,0.6,15.00-15.24
1497,33,Сердце,0.30-0.39,46.75-46.99,0.6,15.25-15.49
1498,33,Сердце,0.30-0.39,46.75-46.99,0.6,15.50-15.74
1499,33,Сердце,0.30-0.39,46.75-46.99,0.6,15.75-15.99
1500,33,Сердце,0.30-0.39,46.75-46.99,0.6,16.00-16.24
1501,33,Сердце,0.30-0.39,46.75-46.99,0.6,16.25-16.49
1502,33,Сердце,0.30-0.39,46.75-46.99,0.6,16.50-16.74
1503,33,Сердце,0.30-0.39,46.75-46.99,0.6,16.75-16.99
1504,33,Сердце,0.30-0.39,46.75-46.99,0.6,17.00-17.24
1505,33,Сердце,0.30-0.39,46.75-46.99,0.6,17.25-17.49
1506,33,Сердце,0.30-0.39,46.75-46.99,0.6,17.50-17.74
1507,33,Сердце,0.30-0.39,46.75-46.99,0.6,17.75-17.99
1508,33,Сердце,0.30-0.39,46.75-46.99,0.6,18.00-18.24
1509,33,Сердце,0.30-0.39,46.75-46.99,0.6,18.25-18.49
1510,33,Сердце,0.30-0.39,46.75-46.99,0.6,18.50-18.74
1511,33,Сердце,0.30-0.39,46.75-46.99,0.6,18.75-18.99
1512,33,Сердце,0.30-0.39,46.75-46.99,0.6,19.00-19.24
1513,33,Сердце,0.30-0.39,46.75-46.99,0.6,19.25-19.49
1514,33,Сердце,0.30-0.39,46.75-46.99,0.6,19.50-19.74
1515,33,Сердце,0.30-0.39,46.75-46.99,0.6,19.75-19.99
1516,33,Сердце,0.30-0.39,46.75-46.99,0.6,20.00-20.24
1517,33,Сердце,0.30-0.39,46.75-46.99,0.6,20.25-20.49
1518,33,Сердце,0.30-0.39,46.75-46.99,0.6,20.50-20.74
1519,33,Сердце,0.30-0.39,46.75-46.99,0.6,20.75-20.99
1520,33,Сердце,0.30-0.39,46.75-46.99,0.6,21.00-21.24
1521,33,Сердце,0.30-0.39,46.75-46.99,0.6,21.25-21.49
1522,33,Сердце,0.30-0.39,46.75-46.99,0.6,21.50-21.74
1523,33,Сердце,0.30-0.39,46.75-46.99,0.6,21.75-21.99
1524,33,Сердце,0.30-0.39,46.75-46.99,0.6,22.00-22.24
1525,33,Сердце,0.30-0.39,46.75-46.99,0.6,22.25-22.49
1526,33,Сердце,0.30-0.39,46.75-46.99,0.6,22.50-22.74
1527,33,Сердце,0.30-0.39,46.75-46.99,0.6,22.75-22.99
1528,33,Сердце,0.30-0.39,46.75-46.99,0.6,23.00-23.24
1529,33,Сердце,0.30-0.39,46.75-46.99,0.6,23.25-23.49
1530,33,Сердце,0.30-0.39,46.75-46.99,0.6,23.50-23.74
1531,33,Сердце,0.30-0.39,46.75-46.99,0.6,23.75-23.99
1532,33,Сердце,0.30-0.39,46.75-46.99,0.6,24.00-24.24
1533,33,Сердце,0.30-0.39,46.75-46.99,0.6,24.25-24.49
1534,33,Сердце,0.30-0.39,46.75-46.99,0.6,24.50-24.74
1535,33,Сердце,0.30-0.39,46.75-46.99,0.6,24.75-24.99
1536,33,Сердце,0.30-0.39,46.75-46.99,0.6,25.00-25.24
1537,33,Сердце,0.30-0.39,46.75-46.99,0.6,25.25-25.49
1538,33,Сердце,0.30-0.39,46.75-46.99,0.6,25.50-25.74
1539,33,Сердце,0.30-0.39,46.75-46.99,0.6,25.75-25.99
1540,33,Сердце,0.30-0.39,46.75-46.99,0.6,26.00-26.24
1541,33,Сердце,0.30-0.39,46.75-46.99,0.6,26.25-26.49
1542,33,Сердце,0.30-0.39,46.75-46.99,0.6,26.50-26.74
1543,33,Сердце,0.30-0.39,46.75-46.99,0.6,26.75-26.99
1544,33,Сердце,0.30-0.39,46.75-46.99,0.6,27.00-27.24
1545,33,Сердце,0.30-0.39,46.75-46.99,0.6,27.25-27.49
1546,33,Сердце,0.30-0.39,46.75-46.99,0.6,27.50-27.74
1547,33,Сердце,0.30-0.39,46.75-46.99,0.6,27.75-27.99
1548,33,Сердце,0.30-0.39,46.75-46.99,0.6,28.00-28.24
1549,33,Сердце,0.30-0.39,46.75-46.99,0.6,28.25-28.49
1550,33,Сердце,0.30-0.39,46.75-46.99,0.6,28.50-28.74
1551,33,Сердце,0.30-0.39,46.75-46.99,0.6,28.75-28.99
1552,33,Сердце,0.30-0.39,46.75-46.99,0.6,29.00-29.24
1553,33,Сердце,0.30-0.39,46.75-46.99,0.6,29.25-29.49
1554,33,Сердце,0.30-0.39,46.75-46.99,0.6,29.50-29.74
1555,33,Сердце,0.30-0.39,46.75-46.99,0.6,29.75-29.99
1556,33,Сердце,0.30-0.39,46.75-46.99,0.6,30.00-30.24
1557,33,Сердце,0.30-0.39,46.75-46.99,0.6,30.25-30.49
1558,33,Сердце,0.30-0.39,46.75-46.99,0.6,30.50-30.74
1559,33,Сердце,0.30-0.39,46.75-46.99,0.6,30.75-30.99
1560,33,Сердце,0.30-0.39,46.75-46.99,0.6,31.00-31.24
1561,33,Сердце,0.30-0.39,46.75-46.99,0.6,31.25-31.49
1562,33,Сердце,0.30-0.39,46.75-46.99,0.6,31.50-31.74
1563,33,Сердце,0.30-0.39,46.75-46.99,0.6,31.75-31.99
1564,33,Сердце,0.30-0.39,46.75-46.99,0.6,32.00-32.24
1565,33,Сердце,0.30-0.39,46.75-46.99,0.6,32.25-32.49
1566,33,Сердце,0.30-0.39,46.75-46.99,0.6,32.50-32.74
1567,33,Сердце,0.30-0.39,46.75-46.99,0.6,32.75-32.99
1568,33,Сердце,0.30-0.39,46.75-46.99,0.6,33.00-33.24
1569,33,Сердце,0.30-0.39,46.75-46.99,0.6,33.25-33.49
1570,33,Сердце,0.30-0.39,46.75-46.99,0.6,33.50-33.74
1571,33,Сердце,0.30-0.39,46.75-46.99,0.6,33.75-33.99
1572,33,Сердце,0.30-0.39,46.75-46.99,0.6,34.00-34.24
1573,33,Сердце,0.30-0.39,46.75-46.99,0.6,34.25-34.49
1574,33,Сердце,0.30-0.39,46.75-46.99,0.6,34.50-34.74
1575,33,Сердце,0.30-0.39,46.75-46.99,0.6,34.75-34.99
1576,33,Сердце,0.30-0.39,46.75-46.99,0.6,35.00-35.24
1577,33,Сердце,0.30-0.39,46.75-46.99,0.6,35.25-35.49
1578,33,Сердце,0.30-0.39,46.75-46.99,0.6,35.50-35.74
1579,33,Сердце,0.30-0.39,46.75-46.99,0.6,35.75-35.99
1580,33,Сердце,0.30-0.39,46.75-46.99,0.6,36.00-36.24
1581,33,Сердце,0.30-0.39,46.75-46.99,0.6,36.25-36.49
1582,33,Сердце,0.30-0.39,46.75-46.99,0.6,36.50-36.74
1583,33,Сердце,0.30-0.39,46.75-46.99,0.6,36.75-36.99
1584,33,Сердце,0.30-0.39,46.75-46.99,0.6,37.00-37.24
1585,33,Сердце,0.30-0.39,46.75-46.99,0.6,37.25-37.49
1586,33,Сердце,0.30-0.39,46.75-46.99,0.6,37.50-37.74
1587,33,Сердце,0.30-0.39,46.75-46.99,0.6,37.75-37.99
1588,33,Сердце,0.30-0.39,46.75-46.99,0.6,38.00-38.24
1589,33,Сердце,0.30-0.39,46.75-46.99,0.6,38.25-38.49
1590,33,Сердце,0.30-0.39,46.75-46.99,0.6,38.50-38.74
1591,33,Сердце,0.30-0.39,46.75-46.99,0.6,38.75-38.99
1592,33,Сердце,0.30-0.39,46.75-46.99,0.6,39.00-39.24
1593,33,Сердце,0.30-0.39,46.75-46.99,0.6,39.25-39.49
1594,33,Сердце,0.30-0.39,46.75-46.99,0.6,39.50-39.74
1595,33,Сердце,0.30-0.39,46.75-46.99,0.6,39.75-39.99
1596,33,Сердце,0.30-0.39,46.75-46.99,0.6,40.00-40.24
1597,33,Сердце,0.30-0.39,46.75-46.99,0.6,40.25-40.49
1598,33,Сердце,0.30-0.39,46.75-46.99,0.6,40.50-40.74
1599,33,Сердце,0.30-0.39,46.75-46.99,0.6,40.75-40.99
1600,33,Сердце,0.30-0.39,46.75-46.99,0.6,41.00-41.24
1601,33,Сердце,0.30-0.39,46.75-46.99,0.6,41.25-41.49
1602,33,Сердце,0.30-0.39,46.75-46.99,0.6,41.50-41.74
1603,33,Сердце,0.30-0.39,46.75-46.99,0.6,41.75-41.99
1604,33,Сердце,0.30-0.39,46.75-46.99,0.6,42.00-42.24
1605,33,Сердце,0.30-0.39,46.75-46.99,0.6,42.25-42.49
1606,33,Сердце,0.30-0.39,46.75-46.99,0.6,42.50-42.74
1607,33,Сердце,0.30-0.39,46.75-46.99,0.6,42.75-42.99
1608,33,Сердце,0.30-0.39,46.75-46.99,0.6,43.00-43.24
1609,33,Сердце,0.30-0.39,46.75-46.99,0.6,43.25-43.49
1610,33,Сердце,0.30-0.39,46.75-46.99,0.6,43.50-43.74
1611,33,Сердце,0.30-0.39,46.75-46.99,0.6,43.75-43.99
1612,33,Сердце,0.30-0.39,46.75-46.99,0.6,44.00-44.24
1613,33,Сердце,0.30-0.39,46.75-46.99,0.6,44.25-44.49
1614,33,Сердце,0.30-0.39,46.75-46.99,0.6,44.50-44.74
1615,33,Сердце,0.30-0.39,46.75-46.99,0.6,44.75-44.99
1616,33,Сердце,0.30-0.39,46.75-46.99,0.6,45.00-45.24
1617,33,Сердце,0.30-0.39,46.75-46.99,0.6,45.25-45.49
1618,33,Сердце,0.30-0.39,46.75-46.99,0.6,45.50-45.74
1619,33,Сердце,0.30-0.39,46.75-46.99,0.6,45.75-45.99
1620,33,Сердце,0.30-0.39,46.75-46.99,0.6,46.00-46.24
1621,33,Сердце,0.30-0.39,46.75-46.99,0.6,46.25-46.49
1622,33,Сердце,0.30-0.39,46.75-46.99,0.6,46.50-46.74
1623,33,Сердце,0.30-0.39,46.75-46.99,0.6,46.75-46.99
